test_id,nn_id,tanimoto,pEC50_test,pEC50_nn,ci_test,ci_nn,d_true,d_pred,d_pred_in_sample,from_unshared_bits,from_shared_bits,from_absent_bits,baseline_shift,n_unshared_bits,borrowed_share
OADMET-0006617,OADMET-0003189,0.472,3.515,4.71,1.1849999999999996,0.40768000000000004,-1.195,-1.737,-1.211,-1.403,-0.078,-0.273,0.017,28,0.0
OADMET-0006615,OADMET-0003434,0.522,5.335,6.01,0.33499999999999996,0.1859966679271441,-0.675,-0.011,-0.361,-0.256,0.181,0.046,0.017,33,0.087
OADMET-0006612,OADMET-0003344,0.587,4.28,6.26,0.6600000000000001,0.2829018129599028,-1.98,-0.315,-0.913,-0.561,0.355,-0.098,-0.011,26,0.0
OADMET-0006610,OADMET-0003472,0.532,4.949999999999999,6.015000000000001,0.41500000000000004,0.21728613393403684,-1.065,-0.116,-0.443,0.072,0.005,-0.194,-0.001,22,0.0
OADMET-0006609,OADMET-0003017,0.533,2.015,6.205,1.88,0.18617286749685036,-4.19,-0.853,-1.77,-0.769,0.129,-0.197,-0.016,28,0.187
OADMET-0006606,OADMET-0002766,0.7,5.49,5.904999999999999,0.35000000000000053,0.15591994027705347,-0.415,-0.067,-0.035,-0.075,-0.041,0.066,-0.016,15,0.346
OADMET-0006604,OADMET-0002603,0.59,4.715,6.855,0.33999999999999986,0.147159588039651,-2.14,-0.251,-0.809,-0.651,0.306,0.08,0.015,25,0.074
OADMET-0006603,OADMET-0003414,0.508,2.275,6.845,1.71,0.13533952569741103,-4.57,-0.766,-1.382,-1.247,0.683,-0.201,-0.001,32,0.09
OADMET-0006600,OADMET-0002633,0.562,3.99,6.045,0.7300000000000004,0.3128266226266554,-2.055,-0.404,-1.028,-0.86,0.468,-0.011,-0.001,21,0.107
OADMET-0006599,OADMET-0003486,0.5,2.3600000000000003,5.880000000000001,1.44,0.23133156882708406,-3.52,-0.862,-0.979,-0.905,0.261,-0.202,-0.016,30,0.151
OADMET-0006597,OADMET-0003434,0.806,5.215,6.01,0.4950000000000001,0.1859966679271441,-0.795,0.28,-0.069,-0.065,0.205,0.122,0.017,12,0.0
OADMET-0006596,OADMET-0002603,0.562,4.89,6.855,0.4250000000000007,0.147159588039651,-1.965,0.008,-0.55,-0.387,0.269,0.111,0.015,28,0.167
OADMET-0006593,OADMET-0002603,0.437,4.46,6.855,0.855,0.147159588039651,-2.395,-0.855,-1.414,-0.929,0.041,0.017,0.015,40,0.0
OADMET-0006589,OADMET-0002571,0.509,3.42,6.0600000000000005,0.9900000000000002,0.18495058925021013,-2.64,0.586,-0.064,0.278,0.306,0.003,-0.001,28,0.0
OADMET-0006587,OADMET-0002718,0.545,5.31,6.115,0.27999999999999936,0.16843426240524906,-0.805,-0.146,-0.417,-0.231,0.056,0.011,0.017,25,0.0
OADMET-0006585,OADMET-0003438,0.469,4.215,6.0,1.0349999999999997,0.16988813736102948,-1.785,-1.547,-1.87,-1.612,0.097,-0.047,0.015,34,0.008
OADMET-0006582,OADMET-0002718,0.516,4.67,6.115,0.7800000000000002,0.16843426240524906,-1.445,-0.241,-0.512,-0.29,0.146,-0.114,0.017,30,0.039
OADMET-0006581,OADMET-0002559,0.556,5.395,6.140000000000001,0.22999999999999954,0.14489491392039966,-0.745,-0.293,-0.681,-0.314,-0.071,0.077,0.015,28,0.152
OADMET-0006580,OADMET-0003244,0.482,5.265,5.99,0.33499999999999996,0.1581788003494795,-0.725,-0.369,-0.747,-0.509,0.275,-0.124,-0.011,29,0.136
OADMET-0006579,OADMET-0004950,0.507,5.15,5.33,0.5449999999999999,0.30184000000000033,-0.18,0.222,0.124,0.1,0.213,-0.09,-0.001,35,0.063
OADMET-0006578,OADMET-0003406,0.49,4.890000000000001,5.85,0.3550000000000004,0.2705013745177638,-0.96,0.067,-0.535,-0.142,0.388,-0.197,0.017,26,0.432
OADMET-0006574,OADMET-0002829,0.491,5.405,5.64,0.20500000000000007,0.259112,-0.235,0.301,-0.255,-0.057,0.213,0.161,-0.016,27,0.392
OADMET-0006573,OADMET-0002859,0.433,4.775,5.83,0.629999999999999,0.1713171184908262,-1.055,-1.086,-1.335,-1.239,0.142,-0.006,0.017,38,0.0
OADMET-0006570,OADMET-0003266,0.492,4.84,6.18,0.4450000000000003,0.14520743038839257,-1.34,-0.475,-0.86,-0.458,0.067,-0.083,-0.001,32,0.0
OADMET-0006568,OADMET-0003434,0.521,5.105,6.01,0.54,0.1859966679271441,-0.905,-0.599,-0.949,-0.83,0.318,-0.105,0.017,35,0.0
OADMET-0006567,OADMET-0003257,0.482,4.835,6.6850000000000005,0.7350000000000003,0.15547396546045888,-1.85,0.418,-0.484,0.104,0.011,0.319,-0.016,29,0.03
OADMET-0006566,OADMET-0002888,0.413,1.945,2.67,2.09,1.63856,-0.725,0.223,1.235,0.649,-0.464,0.021,0.017,37,0.092
OADMET-0006565,OADMET-0003434,0.466,4.975,6.01,0.3650000000000002,0.1859966679271441,-1.035,0.013,-0.336,-0.258,0.191,0.063,0.017,39,0.395
OADMET-0006564,OADMET-0003406,0.537,5.13,5.85,0.4900000000000002,0.2705013745177638,-0.72,0.616,0.013,0.261,0.274,0.063,0.017,25,0.211
OADMET-0006561,OADMET-0003266,0.456,5.305,6.18,0.47499999999999964,0.14520743038839257,-0.875,-0.407,-0.791,-0.41,0.099,-0.094,-0.001,37,0.176
OADMET-0006559,OADMET-0002633,0.5,4.245,6.045,0.8799999999999999,0.3128266226266554,-1.8,-0.217,-0.84,-0.314,0.195,-0.097,-0.001,25,0.635
OADMET-0006557,OADMET-0003266,0.439,4.63,6.18,0.5899999999999999,0.14520743038839257,-1.55,-0.969,-1.353,-0.877,0.268,-0.359,-0.001,37,0.0
OADMET-0006555,OADMET-0003406,0.49,5.335,5.85,0.21499999999999986,0.2705013745177638,-0.515,0.492,-0.11,0.188,0.388,-0.102,0.017,26,0.121
OADMET-0006552,OADMET-0003451,0.639,5.41,5.66,0.2599999999999998,0.3080693558275467,-0.25,-0.216,-0.398,-0.245,0.161,-0.122,-0.011,22,0.375
OADMET-0006548,OADMET-0002859,0.476,4.0649999999999995,5.83,0.9699999999999998,0.1713171184908262,-1.765,-0.13,-0.379,-0.381,0.198,0.036,0.017,33,0.282
OADMET-0006547,OADMET-0005186,0.532,4.925000000000001,4.4,0.41000000000000014,0.7447999999999997,0.525,-0.106,-0.017,-0.108,-0.016,0.002,0.017,29,0.119
OADMET-0006546,OADMET-0002766,0.612,6.72,5.904999999999999,0.25,0.15591994027705347,0.815,-0.335,-0.303,-0.265,0.005,-0.059,-0.016,19,0.284
OADMET-0006545,OADMET-0003486,0.6,4.96,5.880000000000001,0.39999999999999947,0.23133156882708406,-0.92,-0.267,-0.384,-0.405,0.196,-0.043,-0.016,22,0.521
OADMET-0006544,OADMET-0003451,0.629,4.87,5.66,0.6450000000000005,0.3080693558275467,-0.79,-0.569,-0.751,-0.61,0.205,-0.153,-0.011,23,0.0
OADMET-0006542,OADMET-0002766,0.6,5.5649999999999995,5.904999999999999,0.20000000000000018,0.15591994027705347,-0.34,-0.271,-0.239,-0.252,-0.011,0.007,-0.016,20,0.0
OADMET-0006540,OADMET-0002766,0.6,5.805,5.904999999999999,0.3649999999999993,0.15591994027705347,-0.1,-0.2,-0.169,-0.194,0.004,0.006,-0.016,20,0.061
OADMET-0006539,OADMET-0003486,0.479,5.390000000000001,5.880000000000001,0.28999999999999915,0.23133156882708406,-0.49,-0.792,-0.909,-0.684,-0.124,0.032,-0.016,37,0.0
OADMET-0006536,OADMET-0003266,0.435,4.605,6.18,0.5950000000000006,0.14520743038839257,-1.575,-0.477,-0.861,-0.448,0.05,-0.078,-0.001,39,0.051
OADMET-0006534,OADMET-0003257,0.554,2.8200000000000003,6.6850000000000005,1.4850000000000003,0.15547396546045888,-3.865,0.293,-0.609,-0.197,0.461,0.045,-0.016,25,0.302
OADMET-0006533,OADMET-0002921,0.471,4.655,5.79,0.625,0.27430373311349676,-1.135,0.127,-0.271,0.181,-0.057,0.019,-0.016,27,0.004
OADMET-0006532,OADMET-0002633,0.51,5.25,6.045,0.1750000000000007,0.3128266226266554,-0.795,0.222,-0.401,0.082,0.112,0.029,-0.001,24,0.3
OADMET-0006531,OADMET-0002559,0.523,5.955,6.140000000000001,0.16500000000000092,0.14489491392039966,-0.185,-0.585,-0.973,-0.72,0.164,-0.044,0.015,31,0.233
OADMET-0006530,OADMET-0003344,0.514,5.445,6.26,0.33000000000000007,0.2829018129599028,-0.815,0.492,-0.106,0.196,0.232,0.076,-0.011,34,0.028
OADMET-0006529,OADMET-0005055,0.507,5.375,4.83,0.22999999999999865,0.6820799999999991,0.545,-0.169,0.227,0.068,-0.086,-0.14,-0.011,35,0.23
OADMET-0006525,OADMET-0006008,0.607,4.415,4.81,0.9850000000000003,0.5096000000000007,-0.395,0.195,-0.06,0.087,-0.019,0.137,-0.011,22,0.001
OADMET-0006523,OADMET-0003438,0.492,4.76,6.0,0.9000000000000004,0.16988813736102948,-1.24,-0.206,-0.529,-0.414,0.195,-0.004,0.015,33,0.342
OADMET-0006522,OADMET-0003257,0.45,5.625,6.6850000000000005,0.5150000000000006,0.15547396546045888,-1.06,0.16,-0.742,-0.13,0.086,0.22,-0.016,33,0.0
OADMET-0006520,OADMET-0003344,0.508,4.845000000000001,6.26,0.4349999999999996,0.2829018129599028,-1.415,-1.63,-2.228,-1.565,0.195,-0.249,-0.011,32,0.553
OADMET-0006517,OADMET-0003244,0.397,4.244999999999999,5.99,0.9349999999999996,0.1581788003494795,-1.745,-0.153,-0.532,-0.456,0.21,0.103,-0.011,41,0.215
OADMET-0006515,OADMET-0003434,0.466,5.23,6.01,0.2900000000000009,0.1859966679271441,-0.78,-0.546,-0.896,-0.614,0.055,-0.005,0.017,39,0.182
OADMET-0006514,OADMET-0002921,0.5,2.7249999999999996,5.79,1.5549999999999997,0.27430373311349676,-3.065,0.483,0.085,0.162,0.239,0.098,-0.016,28,0.011
OADMET-0006511,OADMET-0006026,0.562,3.6550000000000002,4.64,1.15,0.9290400000000005,-0.985,0.379,0.141,0.254,-0.001,0.109,0.017,28,0.0
OADMET-0006507,OADMET-0003438,0.484,4.465,6.0,1.0699999999999994,0.16988813736102948,-1.535,-0.217,-0.54,-0.575,0.267,0.075,0.015,33,0.0
OADMET-0006506,OADMET-0003017,0.571,2.2,6.205,1.6100000000000003,0.18617286749685036,-4.005,-0.105,-1.022,-0.178,0.071,0.018,-0.016,24,0.259
OADMET-0006504,OADMET-0003472,0.568,5.15,6.015000000000001,0.2999999999999998,0.21728613393403684,-0.865,0.019,-0.308,0.083,0.05,-0.113,-0.001,19,0.0
OADMET-0006501,OADMET-0002921,0.475,4.27,5.79,0.9649999999999999,0.27430373311349676,-1.52,0.051,-0.347,-0.074,0.002,0.139,-0.016,32,0.0
OADMET-0006499,OADMET-0002633,0.636,5.0649999999999995,6.045,0.2699999999999996,0.3128266226266554,-0.98,0.166,-0.457,-0.293,0.49,-0.03,-0.001,16,0.0
OADMET-0006494,OADMET-0003406,0.509,4.295,5.85,1.0199999999999996,0.2705013745177638,-1.555,0.321,-0.282,0.051,0.295,-0.042,0.017,26,0.352
OADMET-0006490,OADMET-0002797,0.537,3.245,5.84,1.205,0.1919876778129268,-2.595,-1.268,-1.661,-0.988,0.087,-0.356,-0.011,31,0.393
OADMET-0006484,OADMET-0003434,0.465,5.51,6.01,0.45500000000000007,0.1859966679271441,-0.5,-0.1,-0.449,0.059,-0.248,0.072,0.017,38,0.196
OADMET-0006482,OADMET-0003472,0.585,6.035,6.015000000000001,0.28499999999999925,0.21728613393403684,0.02,0.448,0.121,0.513,-0.127,0.062,-0.001,22,0.111
OADMET-0006477,OADMET-0002628,0.459,5.35,6.11,0.2950000000000008,0.1986675375596132,-0.76,0.438,-0.128,0.146,0.257,0.045,-0.011,40,0.0
OADMET-0006472,OADMET-0003017,0.578,1.755,6.205,1.9600000000000002,0.18617286749685036,-4.45,0.14,-0.777,-0.32,0.402,0.074,-0.016,27,0.073
OADMET-0006469,OADMET-0003244,0.446,4.58,5.99,0.5600000000000005,0.1581788003494795,-1.41,-1.868,-2.246,-1.982,0.397,-0.271,-0.011,31,0.156
OADMET-0006468,OADMET-0003438,0.492,5.87,6.0,0.4500000000000002,0.16988813736102948,-0.13,-0.139,-0.462,-0.431,0.177,0.099,0.015,32,0.007
OADMET-0006463,OADMET-0003472,0.532,5.54,6.015000000000001,0.29000000000000004,0.21728613393403684,-0.475,-0.113,-0.439,-0.059,0.133,-0.187,-0.001,22,0.03
OADMET-0006462,OADMET-0002766,0.745,5.550000000000001,5.904999999999999,0.29499999999999993,0.15591994027705347,-0.355,-0.243,-0.211,-0.131,-0.068,-0.028,-0.016,12,0.0
OADMET-0006461,OADMET-0002796,0.493,5.34,5.0,0.3250000000000002,0.27518399999999943,0.34,-0.591,-0.69,-0.514,-0.079,0.003,-0.001,36,0.254
OADMET-0006460,OADMET-0003316,0.5,1.98,5.945,2.06,0.295466343260955,-3.965,-1.097,-1.741,-1.191,0.362,-0.268,-0.001,30,0.048
OADMET-0006458,OADMET-0003434,0.5,1.9449999999999998,6.01,1.9949999999999997,0.1859966679271441,-4.065,-0.508,-0.857,-0.756,0.323,-0.092,0.017,35,0.0
OADMET-0006455,OADMET-0002859,0.433,6.225,5.83,0.2400000000000002,0.1713171184908262,0.395,-0.731,-0.98,-0.832,0.101,-0.017,0.017,38,0.074
OADMET-0006453,OADMET-0002539,0.571,5.135,6.050000000000001,0.2999999999999998,0.3013399767438756,-0.915,0.143,-0.219,-0.036,0.141,0.049,-0.011,24,0.079
OADMET-0006452,OADMET-0003316,0.536,4.72,5.945,0.9100000000000001,0.295466343260955,-1.225,-0.394,-1.038,-0.606,0.384,-0.172,-0.001,26,0.0
OADMET-0006451,OADMET-0002542,0.6,5.11,5.54,0.4299999999999997,0.1811039999999995,-0.43,-0.417,-0.066,-0.386,0.145,-0.176,-0.001,26,0.0
OADMET-0006449,OADMET-0002539,0.582,4.465,6.050000000000001,0.6150000000000002,0.3013399767438756,-1.585,-0.051,-0.413,-0.241,0.256,-0.056,-0.011,23,0.293
OADMET-0006445,OADMET-0003189,0.562,5.029999999999999,4.71,0.4950000000000001,0.40768000000000004,0.32,-0.835,-0.308,-0.462,-0.157,-0.234,0.017,21,0.0
OADMET-0006443,OADMET-0005027,0.567,4.6850000000000005,5.69,0.5150000000000006,0.3308479999999996,-1.005,-0.124,-0.097,-0.145,0.01,-0.004,0.015,26,0.203
OADMET-0006442,OADMET-0002633,0.531,4.75,6.045,0.5300000000000002,0.3128266226266554,-1.295,-0.427,-1.05,-0.849,0.483,-0.06,-0.001,23,0.149
OADMET-0006441,OADMET-0003244,0.509,4.734999999999999,5.99,0.3949999999999996,0.1581788003494795,-1.255,-0.697,-1.076,-1.02,0.484,-0.15,-0.011,27,0.047
OADMET-0006440,OADMET-0002633,0.511,5.165,6.045,0.22499999999999964,0.3128266226266554,-0.88,0.016,-0.608,-0.101,0.245,-0.128,-0.001,22,0.0
OADMET-0006439,OADMET-0002888,0.476,1.745,2.67,1.98,1.63856,-0.925,0.471,1.482,1.035,-0.76,0.179,0.017,33,0.118
OADMET-0006435,OADMET-0002797,0.552,2.4749999999999996,5.84,1.6250000000000004,0.1919876778129268,-3.365,-1.245,-1.638,-1.121,0.199,-0.313,-0.011,30,0.012
OADMET-0006433,OADMET-0003017,0.542,1.845,6.205,2.0199999999999996,0.18617286749685036,-4.36,0.515,-0.402,0.224,0.175,0.132,-0.016,27,0.063
OADMET-0006431,OADMET-0003316,0.523,4.005,5.945,0.9800000000000004,0.295466343260955,-1.94,-0.121,-0.765,-0.522,0.526,-0.124,-0.001,31,0.112
OADMET-0006430,OADMET-0002646,0.553,5.285,4.78,0.40999999999999925,0.2254000000000005,0.505,0.227,0.202,0.255,-0.066,0.024,0.015,21,0.0
OADMET-0006429,OADMET-0003097,0.482,5.37,5.9,0.20000000000000018,0.13253658550000402,-0.53,-0.299,-0.682,-0.32,0.164,-0.128,-0.016,29,0.057
OADMET-0006427,OADMET-0002628,0.508,3.38,6.11,1.2199999999999998,0.1986675375596132,-2.73,-0.045,-0.611,-0.269,0.372,-0.138,-0.011,32,0.0
OADMET-0006424,OADMET-0002539,0.554,5.38,6.050000000000001,0.22499999999999964,0.3013399767438756,-0.67,0.579,0.217,0.607,-0.066,0.048,-0.011,25,0.153
OADMET-0006420,OADMET-0002539,0.6,6.140000000000001,6.050000000000001,0.25,0.3013399767438756,0.09,0.344,-0.018,0.393,-0.024,-0.014,-0.011,20,0.005
OADMET-0006418,OADMET-0005055,0.524,3.84,4.83,1.08,0.6820799999999991,-0.99,-0.297,0.098,0.095,-0.257,-0.125,-0.011,30,0.259
OADMET-0006416,OADMET-0002539,0.638,6.015,6.050000000000001,0.7149999999999999,0.3013399767438756,-0.035,0.111,-0.252,0.134,0.114,-0.128,-0.011,17,0.01
OADMET-0006415,OADMET-0002633,0.491,5.505000000000001,6.045,0.2400000000000002,0.3128266226266554,-0.54,0.135,-0.489,-0.049,0.251,-0.066,-0.001,27,0.02
OADMET-0006414,OADMET-0002559,0.632,3.7399999999999998,6.140000000000001,0.7650000000000006,0.14489491392039966,-2.4,-0.633,-1.021,-0.799,0.195,-0.044,0.015,21,0.0
OADMET-0006413,OADMET-0003414,0.547,5.995,6.845,0.20999999999999996,0.13533952569741103,-0.85,0.063,-0.553,-0.443,0.617,-0.11,-0.001,29,0.314
OADMET-0006412,OADMET-0002539,0.554,5.735,6.050000000000001,0.3800000000000008,0.3013399767438756,-0.315,0.483,0.12,0.546,-0.095,0.042,-0.011,25,0.011
OADMET-0006410,OADMET-0002797,0.587,2.535,5.84,1.5349999999999997,0.1919876778129268,-3.305,-1.075,-1.467,-0.911,0.137,-0.29,-0.011,26,0.0
OADMET-0006409,OADMET-0002559,0.567,6.005,6.140000000000001,0.28500000000000014,0.14489491392039966,-0.135,-0.43,-0.818,-0.558,0.135,-0.021,0.015,26,0.02
OADMET-0006408,OADMET-0002539,0.686,5.805,6.050000000000001,0.29999999999999893,0.3013399767438756,-0.245,0.407,0.045,0.315,0.097,0.005,-0.011,16,0.26
OADMET-0006404,OADMET-0002921,0.5,5.465,5.79,0.2549999999999999,0.27430373311349676,-0.325,0.556,0.158,0.229,0.237,0.106,-0.016,28,0.0
OADMET-0006401,OADMET-0005186,0.557,4.74,4.4,0.6049999999999995,0.7447999999999997,0.34,-0.219,-0.13,-0.239,0.044,-0.04,0.017,27,0.125
OADMET-0006400,OADMET-0002921,0.509,4.835,5.79,0.4299999999999997,0.27430373311349676,-0.955,0.612,0.214,0.315,0.182,0.132,-0.016,28,0.0
OADMET-0006399,OADMET-0003314,0.5,5.17,5.77,0.27999999999999936,0.25917248310729235,-0.6,-0.385,-0.869,-0.455,0.043,0.037,-0.011,35,0.178
OADMET-0006396,OADMET-0003316,0.625,5.779999999999999,5.945,0.245000000000001,0.295466343260955,-0.165,0.097,-0.547,-0.351,0.479,-0.031,-0.001,21,0.529
OADMET-0006395,OADMET-0002633,0.56,5.07,6.045,0.5499999999999998,0.3128266226266554,-0.975,-0.376,-1.0,-0.828,0.49,-0.037,-0.001,22,0.014
OADMET-0006393,OADMET-0003244,0.424,5.3100000000000005,5.99,0.33999999999999986,0.1581788003494795,-0.68,-0.064,-0.442,-0.268,0.12,0.095,-0.011,38,0.007
OADMET-0006386,OADMET-0002559,0.54,6.26,6.140000000000001,0.1949999999999994,0.14489491392039966,0.12,0.056,-0.332,-0.086,0.017,0.11,0.015,29,0.0
OADMET-0006385,OADMET-0006008,0.509,4.125,4.81,0.835,0.5096000000000007,-0.685,-0.302,-0.557,-0.25,-0.037,-0.004,-0.011,28,0.515
OADMET-0006379,OADMET-0004737,0.528,2.9699999999999998,4.78,0.915,0.7879199999999997,-1.81,0.359,0.028,0.516,-0.302,0.127,0.017,25,0.172
OADMET-0006378,OADMET-0003406,0.434,4.859999999999999,5.85,0.5800000000000001,0.2705013745177638,-0.99,0.207,-0.395,-0.021,0.223,-0.012,0.017,30,0.168
OADMET-0006375,OADMET-0003316,0.508,4.970000000000001,5.945,0.3099999999999996,0.295466343260955,-0.975,-0.608,-1.252,-0.952,0.502,-0.157,-0.001,30,0.107
OADMET-0006374,OADMET-0002633,0.66,5.6,6.045,0.7250000000000014,0.3128266226266554,-0.445,0.182,-0.441,-0.106,0.289,0.001,-0.001,16,0.159
OADMET-0006372,OADMET-0003451,0.6,4.855,5.66,0.6000000000000014,0.3080693558275467,-0.805,-0.272,-0.454,-0.412,0.297,-0.147,-0.011,26,0.037
OADMET-0006371,OADMET-0002921,0.483,4.895,5.79,0.41500000000000004,0.27430373311349676,-0.895,0.613,0.216,0.499,-0.004,0.135,-0.016,31,0.091
OADMET-0006369,OADMET-0002603,0.455,3.4699999999999998,6.855,0.875,0.147159588039651,-3.385,-0.955,-1.514,-1.174,0.3,-0.096,0.015,36,0.023
OADMET-0006368,OADMET-0003189,0.509,5.79,4.71,0.39000000000000057,0.40768000000000004,1.08,0.088,0.614,0.448,-0.328,-0.05,0.017,26,0.073
OADMET-0006366,OADMET-0002766,0.6,5.915,5.904999999999999,0.375,0.15591994027705347,0.01,-0.28,-0.248,-0.254,-0.007,-0.003,-0.016,20,0.105
OADMET-0006363,OADMET-0003486,0.526,3.445,5.880000000000001,0.7399999999999998,0.23133156882708406,-2.435,-0.884,-1.0,-0.936,0.241,-0.173,-0.016,27,0.0
OADMET-0006360,OADMET-0006026,0.478,5.475,4.64,0.2599999999999998,0.9290400000000005,0.835,0.719,0.481,0.806,-0.149,0.044,0.017,36,0.129
OADMET-0006351,OADMET-0003257,0.492,5.58,6.6850000000000005,0.2400000000000002,0.15547396546045888,-1.105,0.967,0.065,0.285,0.363,0.335,-0.016,31,0.01
OADMET-0006350,OADMET-0003406,0.474,4.87,5.85,1.0350000000000001,0.2705013745177638,-0.98,0.662,0.059,0.411,0.17,0.063,0.017,30,0.083
OADMET-0006347,OADMET-0002603,0.47,5.58,6.855,0.4950000000000001,0.147159588039651,-1.275,-0.711,-1.269,-0.89,0.298,-0.134,0.015,35,0.11
OADMET-0006344,OADMET-0003486,0.508,4.195,5.880000000000001,0.9350000000000005,0.23133156882708406,-1.685,-0.78,-0.897,-0.908,0.246,-0.103,-0.016,29,0.0
OADMET-0006341,OADMET-0003017,0.559,4.65,6.205,1.04,0.18617286749685036,-1.555,0.949,0.032,0.475,0.254,0.236,-0.016,26,0.291
OADMET-0006340,OADMET-0003451,0.639,5.2,5.66,0.5050000000000008,0.3080693558275467,-0.46,-0.321,-0.503,-0.367,0.187,-0.13,-0.011,22,0.092
OADMET-0006336,OADMET-0003257,0.5,1.8050000000000002,6.6850000000000005,1.9900000000000002,0.15547396546045888,-4.88,0.015,-0.887,-0.298,0.095,0.234,-0.016,28,0.051
OADMET-0006335,OADMET-0002797,0.574,3.665,5.84,0.9999999999999996,0.1919876778129268,-2.175,-1.079,-1.472,-1.0,0.12,-0.189,-0.011,26,0.239
OADMET-0006334,OADMET-0002628,0.444,4.91,6.11,0.7199999999999998,0.1986675375596132,-1.2,-0.081,-0.647,-0.366,0.356,-0.061,-0.011,40,0.298
OADMET-0006331,OADMET-0003344,0.5,4.88,6.26,0.4399999999999995,0.2829018129599028,-1.38,0.271,-0.327,0.112,0.168,0.003,-0.011,35,0.191
OADMET-0006328,OADMET-0002718,0.515,4.869999999999999,6.115,0.4299999999999997,0.16843426240524906,-1.245,-0.171,-0.442,-0.462,0.299,-0.026,0.017,32,0.011
OADMET-0006326,OADMET-0003434,0.514,5.24,6.01,0.3349999999999991,0.1859966679271441,-0.77,-0.507,-0.857,-0.663,0.264,-0.125,0.017,35,0.282
OADMET-0006324,OADMET-0003316,0.679,4.215,5.945,0.8499999999999996,0.295466343260955,-1.73,0.052,-0.592,-0.389,0.508,-0.066,-0.001,17,0.043
OADMET-0006318,OADMET-0002579,0.574,5.745,5.15,0.23500000000000032,0.264208,0.595,0.755,0.441,0.591,0.087,0.093,-0.016,26,0.278
OADMET-0006313,OADMET-0004950,0.535,5.07,5.33,0.9200000000000008,0.30184000000000033,-0.26,0.208,0.109,0.164,0.114,-0.07,-0.001,33,0.332
OADMET-0006311,OADMET-0003406,0.473,4.725,5.85,0.6150000000000002,0.2705013745177638,-1.125,-0.064,-0.667,-0.288,0.319,-0.112,0.017,29,0.0
OADMET-0006308,OADMET-0002539,0.571,4.795,6.050000000000001,0.34000000000000075,0.3013399767438756,-1.255,-0.052,-0.414,-0.026,0.057,-0.072,-0.011,24,0.097
OADMET-0006306,OADMET-0002579,0.508,5.24,5.15,0.3250000000000002,0.264208,0.09,0.807,0.494,0.533,0.178,0.113,-0.016,31,0.309
OADMET-0006305,OADMET-0002718,0.531,3.565,6.115,1.1000000000000005,0.16843426240524906,-2.55,-0.32,-0.591,-0.593,0.299,-0.043,0.017,30,0.052
OADMET-0006304,OADMET-0002559,0.508,5.025,6.140000000000001,0.5350000000000001,0.14489491392039966,-1.115,-1.204,-1.592,-1.335,0.279,-0.163,0.015,32,0.172
OADMET-0006303,OADMET-0002766,0.612,5.875,5.904999999999999,0.3650000000000002,0.15591994027705347,-0.03,-0.286,-0.254,-0.239,-0.005,-0.026,-0.016,19,0.267
OADMET-0006302,OADMET-0002628,0.582,5.495,6.11,0.4450000000000003,0.1986675375596132,-0.615,0.462,-0.103,0.211,0.251,0.011,-0.011,28,0.007
OADMET-0006301,OADMET-0003406,0.5,5.58,5.85,0.2400000000000002,0.2705013745177638,-0.27,0.0,-0.603,-0.193,0.323,-0.147,0.017,26,0.147
OADMET-0006299,OADMET-0003316,0.509,4.725,5.945,0.9649999999999999,0.295466343260955,-1.22,-0.29,-0.934,-0.589,0.448,-0.149,-0.001,28,0.0
OADMET-0006298,OADMET-0002718,0.542,4.26,6.115,0.7600000000000007,0.16843426240524906,-1.855,-0.566,-0.838,-0.755,0.367,-0.196,0.017,27,0.136
OADMET-0006296,OADMET-0002559,0.556,5.890000000000001,6.140000000000001,0.4249999999999998,0.14489491392039966,-0.25,-1.128,-1.516,-1.244,0.227,-0.125,0.015,28,0.069
OADMET-0006294,OADMET-0003189,0.481,5.185,4.71,0.2699999999999996,0.40768000000000004,0.475,-0.335,0.191,-0.019,-0.205,-0.129,0.017,28,0.0
OADMET-0006292,OADMET-0002579,0.6,4.34,5.15,0.8200000000000003,0.264208,-0.81,0.477,0.163,0.307,0.156,0.03,-0.016,24,0.695
OADMET-0006290,OADMET-0003414,0.516,3.2750000000000004,6.845,0.96,0.13533952569741103,-3.57,-0.777,-1.393,-0.875,0.315,-0.215,-0.001,31,0.05
OADMET-0006288,OADMET-0002579,0.61,4.98,5.15,0.2649999999999997,0.264208,-0.17,0.775,0.461,0.571,0.181,0.038,-0.016,23,0.393
OADMET-0006287,OADMET-0003486,0.522,4.055,5.880000000000001,1.1150000000000002,0.23133156882708406,-1.825,-0.219,-0.336,-0.488,0.179,0.106,-0.016,33,0.0
OADMET-0006285,OADMET-0003189,0.481,3.57,4.71,0.9650000000000003,0.40768000000000004,-1.14,-1.346,-0.82,-1.04,-0.112,-0.212,0.017,27,0.0
OADMET-0006284,OADMET-0003344,0.486,6.08,6.26,0.25,0.2829018129599028,-0.18,-0.094,-0.693,-0.303,0.183,0.037,-0.011,36,0.093
OADMET-0006283,OADMET-0003451,0.702,5.16,5.66,0.3349999999999991,0.3080693558275467,-0.5,-0.044,-0.226,-0.235,0.242,-0.04,-0.011,17,0.0
OADMET-0006280,OADMET-0003266,0.467,5.275,6.18,0.29499999999999993,0.14520743038839257,-0.905,-0.769,-1.153,-0.812,0.389,-0.345,-0.001,32,0.0
OADMET-0006277,OADMET-0002797,0.656,2.505,5.84,1.5499999999999998,0.1919876778129268,-3.335,-1.157,-1.55,-1.254,0.229,-0.121,-0.011,21,0.287
OADMET-0006275,OADMET-0006008,0.475,3.415,4.81,0.9349999999999996,0.5096000000000007,-1.395,-0.39,-0.645,-0.334,-0.025,-0.02,-0.011,31,0.146
OADMET-0006274,OADMET-0002796,0.5,4.5600000000000005,5.0,0.6699999999999999,0.27518399999999943,-0.44,-0.159,-0.258,-0.096,-0.03,-0.033,-0.001,35,0.015
OADMET-0006273,OADMET-0003266,0.515,5.55,6.18,0.27000000000000046,0.14520743038839257,-0.63,0.005,-0.38,0.031,0.015,-0.04,-0.001,33,0.254
OADMET-0006272,OADMET-0003316,0.508,4.824999999999999,5.945,0.6849999999999996,0.295466343260955,-1.12,0.062,-0.582,-0.182,0.255,-0.011,-0.001,30,0.0
OADMET-0006271,OADMET-0004950,0.48,5.4,5.33,0.5549999999999997,0.30184000000000033,0.07,0.227,0.129,0.203,0.063,-0.038,-0.001,39,0.341
OADMET-0006270,OADMET-0003414,0.508,2.765,6.845,1.08,0.13533952569741103,-4.08,-0.595,-1.211,-0.689,0.23,-0.135,-0.001,32,0.131
OADMET-0006268,OADMET-0002603,0.463,5.335,6.855,0.23000000000000043,0.147159588039651,-1.52,-0.744,-1.303,-0.773,0.031,-0.018,0.015,36,0.03
OADMET-0006266,OADMET-0003414,0.492,2.815,6.845,1.585,0.13533952569741103,-4.03,-0.843,-1.46,-1.075,0.384,-0.151,-0.001,33,0.0
OADMET-0006264,OADMET-0003257,0.491,4.275,6.6850000000000005,0.7550000000000008,0.15547396546045888,-2.41,0.406,-0.496,0.076,0.025,0.321,-0.016,28,0.032
OADMET-0006262,OADMET-0003486,0.548,4.96,5.880000000000001,0.40999999999999925,0.23133156882708406,-0.92,-0.487,-0.604,-0.812,0.425,-0.084,-0.016,28,0.0
OADMET-0006260,OADMET-0002718,0.524,3.1100000000000003,6.115,1.4649999999999994,0.16843426240524906,-3.005,-1.084,-1.355,-1.239,0.311,-0.174,0.017,30,0.207
OADMET-0006259,OADMET-0002796,0.5,5.59,5.0,0.21499999999999986,0.27518399999999943,0.59,0.487,0.388,0.395,0.02,0.073,-0.001,37,0.153
OADMET-0006257,OADMET-0003472,0.532,3.58,6.015000000000001,1.1800000000000006,0.21728613393403684,-2.435,-1.484,-1.81,-1.195,0.051,-0.339,-0.001,22,0.0
OADMET-0006256,OADMET-0002579,0.323,3.7350000000000003,5.15,0.9600000000000009,0.264208,-1.415,0.048,-0.265,-0.14,0.201,0.004,-0.016,44,0.047
OADMET-0006255,OADMET-0002791,0.444,5.775,6.125,0.47000000000000064,0.18675869025027936,-0.35,-0.301,-0.788,-0.552,0.306,-0.054,-0.001,40,0.053
OADMET-0006252,OADMET-0002571,0.449,4.6899999999999995,6.0600000000000005,0.5800000000000001,0.18495058925021013,-1.37,0.576,-0.073,0.182,0.481,-0.086,-0.001,38,0.0
OADMET-0006251,OADMET-0003451,0.689,5.445,5.66,0.2699999999999996,0.3080693558275467,-0.215,-0.234,-0.416,-0.265,0.063,-0.021,-0.011,19,0.0
OADMET-0006249,OADMET-0002718,0.515,1.96,6.115,2.05,0.16843426240524906,-4.155,-0.56,-0.831,-0.811,0.302,-0.069,0.017,32,0.084
OADMET-0006246,OADMET-0005527,0.33,3.5700000000000003,4.09,1.0900000000000003,0.8623999999999996,-0.52,-0.077,0.211,0.001,0.184,-0.261,-0.001,59,0.252
OADMET-0006245,OADMET-0003486,0.565,5.87,5.880000000000001,0.5749999999999993,0.23133156882708406,-0.01,-0.619,-0.736,-0.622,0.043,-0.024,-0.016,27,0.0
OADMET-0006244,OADMET-0003414,0.492,3.875,6.845,1.1099999999999999,0.13533952569741103,-2.97,-1.12,-1.737,-1.293,0.358,-0.184,-0.001,33,0.0
OADMET-0006237,OADMET-0002797,0.552,3.125,5.84,1.255,0.1919876778129268,-2.715,-1.572,-1.965,-1.275,0.107,-0.393,-0.011,30,0.069
OADMET-0006234,OADMET-0002559,0.515,5.365,6.140000000000001,0.23500000000000032,0.14489491392039966,-0.775,-0.524,-0.912,-0.489,0.017,-0.068,0.015,32,0.209
OADMET-0006233,OADMET-0003486,0.589,4.515000000000001,5.880000000000001,0.8799999999999999,0.23133156882708406,-1.365,-1.064,-1.18,-1.073,0.241,-0.216,-0.016,23,0.0
OADMET-0006232,OADMET-0003344,0.561,4.8149999999999995,6.26,0.41000000000000014,0.2829018129599028,-1.445,0.222,-0.377,-0.214,0.41,0.037,-0.011,29,0.19
OADMET-0006230,OADMET-0003406,0.429,3.035,5.85,0.935,0.2705013745177638,-2.815,0.071,-0.531,-0.157,0.328,-0.117,0.017,32,0.204
OADMET-0006228,OADMET-0003414,0.469,5.470000000000001,6.845,0.2549999999999999,0.13533952569741103,-1.375,0.151,-0.466,-0.017,0.227,-0.058,-0.001,34,0.232
OADMET-0006227,OADMET-0002797,0.562,3.795,5.84,1.2149999999999999,0.1919876778129268,-2.045,-1.403,-1.796,-1.215,0.106,-0.284,-0.011,28,0.0
OADMET-0006226,OADMET-0002628,0.437,4.955,6.11,0.6749999999999998,0.1986675375596132,-1.155,0.299,-0.266,0.188,0.164,-0.042,-0.011,40,0.069
OADMET-0006225,OADMET-0003451,0.655,5.055,5.66,0.5750000000000002,0.3080693558275467,-0.605,-0.478,-0.66,-0.499,0.175,-0.144,-0.011,20,0.248
OADMET-0006224,OADMET-0002888,0.391,2.6100000000000003,2.67,1.1799999999999997,1.63856,-0.06,0.244,1.256,0.729,-0.563,0.061,0.017,39,0.157
OADMET-0006222,OADMET-0003257,0.482,3.665,6.6850000000000005,0.7600000000000002,0.15547396546045888,-3.02,-0.539,-1.441,-0.657,0.076,0.058,-0.016,29,0.119
OADMET-0006219,OADMET-0006026,0.469,4.949999999999999,4.64,0.6349999999999998,0.9290400000000005,0.31,0.277,0.039,0.165,0.067,0.028,0.017,34,0.188
OADMET-0006218,OADMET-0003316,0.636,5.165,5.945,0.3200000000000003,0.295466343260955,-0.78,0.018,-0.626,-0.533,0.669,-0.118,-0.001,20,0.0
OADMET-0006213,OADMET-0003017,0.533,3.475,6.205,0.8200000000000003,0.18617286749685036,-2.73,-1.142,-2.059,-0.995,0.118,-0.249,-0.016,28,0.234
OADMET-0006210,OADMET-0002657,0.466,4.8100000000000005,5.76,0.6400000000000006,0.5017600000000009,-0.95,-0.332,-0.427,-0.387,0.126,-0.089,0.017,39,0.062
OADMET-0006209,OADMET-0003017,0.558,3.41,6.205,0.7949999999999999,0.18617286749685036,-2.795,-1.805,-2.722,-1.525,0.174,-0.439,-0.016,23,0.025
OADMET-0006208,OADMET-0002579,0.623,5.105,5.15,0.794999999999999,0.264208,-0.045,0.571,0.257,0.529,0.009,0.049,-0.016,23,0.0
OADMET-0006206,OADMET-0002657,0.451,4.02,5.76,0.7949999999999999,0.5017600000000009,-1.74,-0.843,-0.938,-0.752,0.048,-0.157,0.017,39,0.188
OADMET-0006204,OADMET-0002539,0.593,4.67,6.050000000000001,0.705000000000001,0.3013399767438756,-1.38,0.305,-0.057,0.124,0.208,-0.016,-0.011,22,0.425
OADMET-0006203,OADMET-0003434,0.507,4.895,6.01,0.5899999999999999,0.1859966679271441,-1.115,-0.485,-0.834,-0.727,0.286,-0.061,0.017,35,0.019
OADMET-0006202,OADMET-0002766,0.686,6.0600000000000005,5.904999999999999,0.2599999999999998,0.15591994027705347,0.155,0.197,0.228,0.217,-0.127,0.122,-0.016,16,0.244
OADMET-0006201,OADMET-0003257,0.466,3.995,6.6850000000000005,0.9200000000000008,0.15547396546045888,-2.69,-0.149,-1.051,-0.43,0.101,0.197,-0.016,31,0.213
OADMET-0006200,OADMET-0002539,0.564,5.41,6.050000000000001,0.40500000000000114,0.3013399767438756,-0.64,0.018,-0.344,-0.176,0.219,-0.015,-0.011,24,0.211
OADMET-0006196,OADMET-0002628,0.493,4.710000000000001,6.11,0.7749999999999995,0.1986675375596132,-1.4,-0.422,-0.987,-0.737,0.442,-0.117,-0.011,35,0.0
OADMET-0006192,OADMET-0002628,0.444,4.44,6.11,0.9699999999999998,0.1986675375596132,-1.67,0.079,-0.487,-0.126,0.316,-0.101,-0.011,40,0.24
OADMET-0006191,OADMET-0002921,0.491,4.21,5.79,0.8749999999999996,0.27430373311349676,-1.58,0.812,0.414,0.531,0.124,0.172,-0.016,29,0.181
OADMET-0006186,OADMET-0003438,0.517,4.84,6.0,0.5249999999999986,0.16988813736102948,-1.16,0.26,-0.063,0.022,0.166,0.057,0.015,28,0.264
OADMET-0006185,OADMET-0003266,0.465,5.92,6.18,0.20999999999999996,0.14520743038839257,-0.26,-0.339,-0.724,-0.363,0.2,-0.175,-0.001,38,0.231
OADMET-0006183,OADMET-0003414,0.478,3.3200000000000003,6.845,0.9349999999999996,0.13533952569741103,-3.525,-0.52,-1.137,-0.623,0.226,-0.123,-0.001,35,0.005
OADMET-0006182,OADMET-0002542,0.529,5.505,5.54,0.17999999999999972,0.1811039999999995,-0.035,-0.029,0.323,0.201,-0.098,-0.131,-0.001,32,0.235
OADMET-0006180,OADMET-0003266,0.444,5.86,6.18,0.4549999999999992,0.14520743038839257,-0.32,-0.027,-0.411,-0.19,0.349,-0.184,-0.001,35,0.0
OADMET-0006176,OADMET-0002853,0.338,4.185,1.76,0.915,2.1246400000000003,2.425,1.278,1.821,1.125,-0.098,0.235,0.017,49,0.115
OADMET-0006170,OADMET-0003472,0.54,4.74,6.015000000000001,0.7050000000000001,0.21728613393403684,-1.275,0.28,-0.046,0.181,0.11,-0.01,-0.001,23,0.006
OADMET-0006161,OADMET-0002559,0.531,4.34,6.140000000000001,0.835,0.14489491392039966,-1.8,-1.237,-1.625,-1.308,0.135,-0.079,0.015,30,0.019
OADMET-0006160,OADMET-0003406,0.441,5.405,5.85,0.25,0.2705013745177638,-0.445,0.791,0.188,0.626,0.071,0.077,0.017,33,0.113
OADMET-0006158,OADMET-0002718,0.547,3.9,6.115,0.7700000000000005,0.16843426240524906,-2.215,-0.749,-1.02,-0.882,0.228,-0.113,0.017,29,0.061
OADMET-0006155,OADMET-0003451,0.613,5.25,5.66,0.2900000000000009,0.3080693558275467,-0.41,-0.27,-0.452,-0.296,0.16,-0.124,-0.011,24,0.114
OADMET-0006151,OADMET-0003451,0.661,5.145,5.66,0.3649999999999993,0.3080693558275467,-0.515,-0.051,-0.234,-0.055,0.045,-0.031,-0.011,21,0.282
OADMET-0006150,OADMET-0002633,0.51,4.68,6.045,0.3000000000000007,0.3128266226266554,-1.365,0.091,-0.532,0.044,0.11,-0.062,-0.001,24,0.03
OADMET-0006149,OADMET-0003244,0.418,4.66,5.99,0.6149999999999993,0.1581788003494795,-1.33,-0.027,-0.405,-0.291,0.18,0.095,-0.011,39,0.01
OADMET-0006148,OADMET-0003472,0.608,5.164999999999999,6.015000000000001,0.27499999999999947,0.21728613393403684,-0.85,0.341,0.015,0.071,0.318,-0.047,-0.001,20,0.32
OADMET-0006146,OADMET-0003472,0.745,6.345000000000001,6.015000000000001,0.2699999999999996,0.21728613393403684,0.33,0.522,0.195,0.284,0.158,0.081,-0.001,12,0.024
OADMET-0006141,OADMET-0003524,0.484,5.390000000000001,5.92,0.4400000000000004,0.1821561407144987,-0.53,-0.086,-0.496,-0.251,0.171,-0.02,0.015,33,0.158
OADMET-0006140,OADMET-0003189,0.481,5.13,4.71,0.41999999999999993,0.40768000000000004,0.42,-0.191,0.336,-0.017,-0.077,-0.114,0.017,27,0.0
OADMET-0006139,OADMET-0002797,0.529,4.49,5.84,0.5149999999999997,0.1919876778129268,-1.35,-1.037,-1.429,-1.004,0.138,-0.16,-0.011,32,0.0
OADMET-0006135,OADMET-0003472,0.721,5.4350000000000005,6.015000000000001,0.33999999999999986,0.21728613393403684,-0.58,0.29,-0.036,0.082,0.23,-0.021,-0.001,12,0.0
OADMET-0006134,OADMET-0002819,0.477,5.59,6.345000000000001,0.5200000000000005,0.1252660825602847,-0.755,-0.642,-0.722,-0.568,0.105,-0.178,-0.001,34,0.123
OADMET-0006132,OADMET-0003266,0.459,5.465,6.18,0.27000000000000135,0.14520743038839257,-0.715,-0.484,-0.868,-0.441,0.25,-0.292,-0.001,33,0.0
OADMET-0006131,OADMET-0003244,0.431,5.495,5.99,0.27000000000000046,0.1581788003494795,-0.495,0.083,-0.296,-0.142,0.124,0.112,-0.011,37,0.006
OADMET-0006129,OADMET-0002766,0.627,5.44,5.904999999999999,0.4299999999999997,0.15591994027705347,-0.465,-0.007,0.025,0.03,-0.043,0.022,-0.016,19,0.078
OADMET-0006128,OADMET-0003472,0.551,5.335,6.015000000000001,0.2900000000000009,0.21728613393403684,-0.68,-0.488,-0.815,-0.299,0.149,-0.338,-0.001,22,0.0
OADMET-0006125,OADMET-0002766,0.588,5.470000000000001,5.904999999999999,0.20999999999999996,0.15591994027705347,-0.435,-0.313,-0.281,-0.337,0.091,-0.05,-0.016,21,0.0
OADMET-0006123,OADMET-0002888,0.391,2.56,2.67,1.275,1.63856,-0.11,0.244,1.256,0.729,-0.563,0.061,0.017,39,0.157
OADMET-0006121,OADMET-0002797,0.672,5.195,5.84,0.3949999999999996,0.1919876778129268,-0.645,-0.187,-0.579,-0.425,0.332,-0.083,-0.011,21,0.0
OADMET-0006120,OADMET-0002921,0.66,4.725,5.79,0.6150000000000002,0.27430373311349676,-1.065,0.449,0.051,0.136,0.18,0.148,-0.016,17,0.244
OADMET-0006119,OADMET-0002559,0.589,3.955,6.140000000000001,1.0450000000000008,0.14489491392039966,-2.185,-1.507,-1.895,-1.541,0.271,-0.252,0.015,23,0.07
OADMET-0006117,OADMET-0003189,0.54,4.92,4.71,0.2599999999999998,0.40768000000000004,0.21,-0.141,0.386,0.176,-0.219,-0.116,0.017,23,0.0
OADMET-0006116,OADMET-0003257,0.458,4.485,6.6850000000000005,1.0749999999999997,0.15547396546045888,-2.2,-0.442,-1.344,-0.554,0.081,0.048,-0.016,32,0.0
OADMET-0006115,OADMET-0003451,0.623,5.27,5.66,0.20000000000000107,0.3080693558275467,-0.39,-0.25,-0.432,-0.303,0.167,-0.103,-0.011,23,0.068
OADMET-0006113,OADMET-0005820,0.357,4.800000000000001,4.47,0.40000000000000036,0.8937600000000003,0.33,-0.419,-0.405,-0.19,-0.074,-0.17,0.015,45,0.114
OADMET-0006111,OADMET-0002628,0.567,5.31,6.11,0.3100000000000005,0.1986675375596132,-0.8,0.163,-0.402,-0.101,0.234,0.04,-0.011,29,0.058
OADMET-0006108,OADMET-0003414,0.47,2.56,6.845,1.4399999999999995,0.13533952569741103,-4.285,-0.917,-1.534,-1.046,0.279,-0.15,-0.001,35,0.188
OADMET-0006105,OADMET-0003344,0.515,5.905,6.26,0.24499999999999922,0.2829018129599028,-0.355,0.286,-0.312,0.069,0.141,0.086,-0.011,33,0.069
OADMET-0006103,OADMET-0002797,0.574,3.765,5.84,1.17,0.1919876778129268,-2.075,-0.942,-1.334,-0.965,0.29,-0.255,-0.011,29,0.0
OADMET-0006102,OADMET-0003316,0.492,4.955,5.945,0.5250000000000004,0.295466343260955,-0.99,-0.101,-0.745,-0.369,0.314,-0.044,-0.001,31,0.038
OADMET-0006100,OADMET-0002796,0.515,5.234999999999999,5.0,0.3000000000000007,0.27518399999999943,0.235,-0.221,-0.319,-0.282,0.125,-0.062,-0.001,33,0.0
OADMET-0006096,OADMET-0002921,0.5,2.49,5.79,1.5099999999999998,0.27430373311349676,-3.3,0.558,0.16,0.249,0.197,0.129,-0.016,28,0.178
OADMET-0006094,OADMET-0002921,0.528,5.165,5.79,0.28000000000000025,0.27430373311349676,-0.625,0.417,0.019,0.135,0.213,0.084,-0.016,25,0.0
OADMET-0006092,OADMET-0002542,0.521,5.795,5.54,0.2549999999999999,0.1811039999999995,0.255,-0.443,-0.091,-0.272,-0.068,-0.102,-0.001,34,0.091
OADMET-0006091,OADMET-0003434,0.479,4.9399999999999995,6.01,0.5099999999999998,0.1859966679271441,-1.07,-0.786,-1.135,-0.931,0.328,-0.2,0.017,37,0.0
OADMET-0004676,OADMET-0003189,0.574,5.085,4.71,0.3100000000000005,0.40768000000000004,0.375,-0.268,0.259,0.102,-0.227,-0.16,0.017,20,0.0
OADMET-0004675,OADMET-0002603,0.443,4.895,6.855,0.5899999999999999,0.147159588039651,-1.96,-0.544,-1.103,-0.606,0.054,-0.007,0.015,39,0.065
OADMET-0004674,OADMET-0002819,0.438,4.995,6.345000000000001,0.370000000000001,0.1252660825602847,-1.35,-0.63,-0.71,-0.747,0.429,-0.311,-0.001,36,0.104
OADMET-0006616,OADMET-0004452,0.611,4.595000000000001,4.89,0.47499999999999964,0.4860799999999994,-0.295,-0.078,-0.13,-0.157,0.059,0.003,0.017,21,0.518
OADMET-0006614,OADMET-0003341,0.614,6.25,6.09,0.39999999999999947,0.1302373911900876,0.16,0.129,-0.305,-0.032,0.081,0.097,-0.016,22,0.099
OADMET-0006613,OADMET-0003397,0.544,4.654999999999999,6.470000000000001,0.8200000000000003,0.20782821898866466,-1.815,-1.157,-1.535,-0.961,-0.036,-0.178,0.017,31,0.128
OADMET-0006611,OADMET-0003499,0.627,3.0949999999999998,6.215,1.04,0.20909746294013232,-3.12,-0.859,-0.866,-0.871,0.177,-0.155,-0.011,25,0.274
OADMET-0006608,OADMET-0005690,0.475,4.925,4.7,0.875,0.6036800000000007,0.225,-0.281,0.029,-0.173,-0.122,-0.001,0.015,32,0.194
OADMET-0006607,OADMET-0002810,0.643,4.83,5.949999999999999,0.5049999999999999,0.3168698726985575,-1.12,-0.617,-0.782,-0.714,0.121,-0.014,-0.011,20,0.1
OADMET-0006605,OADMET-0003368,0.511,4.755000000000001,6.27,0.5249999999999995,0.12260830092615915,-1.515,0.508,-0.165,-0.028,0.258,0.26,0.017,23,0.183
OADMET-0006602,OADMET-0002810,0.673,5.91,5.949999999999999,0.29499999999999993,0.3168698726985575,-0.04,-0.348,-0.513,-0.379,0.003,0.039,-0.011,18,0.0
OADMET-0006601,OADMET-0004452,0.611,4.805,4.89,0.6050000000000004,0.4860799999999994,-0.085,0.089,0.037,0.232,-0.14,-0.021,0.017,21,0.0
OADMET-0006598,OADMET-0003503,0.681,5.905,6.140000000000001,0.2549999999999999,0.16548216276082428,-0.235,0.674,-0.031,0.138,0.365,0.181,-0.011,23,0.4
OADMET-0006595,OADMET-0003240,0.493,5.1,6.215,0.46499999999999986,0.16522986001325624,-1.115,-0.206,-0.5,-0.221,0.18,-0.165,-0.001,38,0.11
OADMET-0006594,OADMET-0003291,0.597,5.32,5.865,0.4850000000000003,0.3123541502845768,-0.545,1.032,0.522,0.777,-0.027,0.293,-0.011,25,0.043
OADMET-0006592,OADMET-0002780,0.55,4.515000000000001,5.925000000000001,0.875,0.17355653359064327,-1.41,-0.55,-0.441,-0.444,0.042,-0.137,-0.011,27,0.148
OADMET-0006591,OADMET-0003436,0.618,5.725,5.859999999999999,0.20999999999999908,0.15136543357054855,-0.135,0.659,0.264,0.318,0.197,0.129,0.015,26,0.132
OADMET-0006590,OADMET-0003291,0.516,5.515,5.865,0.46499999999999986,0.3123541502845768,-0.35,1.014,0.504,0.744,0.04,0.24,-0.011,31,0.136
OADMET-0006588,OADMET-0003499,0.521,6.17,6.215,0.23000000000000043,0.20909746294013232,-0.045,-0.362,-0.369,-0.353,0.095,-0.093,-0.011,34,0.157
OADMET-0006586,OADMET-0003499,0.577,5.105,6.215,0.4950000000000001,0.20909746294013232,-1.11,-0.304,-0.311,-0.311,0.15,-0.133,-0.011,30,0.266
OADMET-0006584,OADMET-0003499,0.493,4.57,6.215,0.7800000000000002,0.20909746294013232,-1.645,-0.49,-0.497,-0.502,0.171,-0.149,-0.011,37,0.02
OADMET-0006583,OADMET-0003474,0.492,5.41,5.89,0.22000000000000064,0.1703667357203269,-0.48,-0.207,-0.576,-0.524,0.346,-0.013,-0.016,33,0.115
OADMET-0006577,OADMET-0003312,0.755,6.085,5.865,0.2599999999999998,0.13831824290381967,0.22,0.447,0.013,0.202,0.21,0.036,-0.001,13,0.0
OADMET-0006576,OADMET-0003341,0.74,5.915,6.09,0.4299999999999997,0.1302373911900876,-0.175,0.184,-0.25,-0.128,0.251,0.078,-0.016,13,0.099
OADMET-0006575,OADMET-0003226,0.544,4.805,5.77,0.5050000000000008,0.17041644901828068,-0.965,-0.345,-0.444,-0.316,-0.052,0.008,0.015,31,0.0
OADMET-0006572,OADMET-0002541,0.545,3.355,6.195,0.8799999999999999,0.14457162482313102,-2.84,-1.24,-1.355,-1.329,0.464,-0.374,-0.001,30,0.0
OADMET-0006571,OADMET-0002946,0.42,5.119999999999999,5.915,0.3700000000000001,0.1368687801947548,-0.795,-0.477,-0.789,-0.529,0.117,-0.064,-0.001,40,0.249
OADMET-0006562,OADMET-0002946,0.541,4.88,5.915,0.4299999999999997,0.1368687801947548,-1.035,-0.617,-0.93,-0.507,0.09,-0.199,-0.001,28,0.074
OADMET-0006560,OADMET-0003467,0.561,3.8850000000000002,6.494999999999999,0.9250000000000007,0.1543655236638024,-2.61,-0.272,-0.862,-0.511,0.174,0.049,0.017,25,0.394
OADMET-0006558,OADMET-0002946,0.541,5.175000000000001,5.915,0.4250000000000007,0.1368687801947548,-0.74,-0.752,-1.064,-0.729,0.174,-0.195,-0.001,28,0.275
OADMET-0006556,OADMET-0003397,0.529,4.87,6.470000000000001,0.5049999999999999,0.20782821898866466,-1.6,-1.399,-1.778,-1.31,0.01,-0.117,0.017,33,0.694
OADMET-0006554,OADMET-0003442,0.433,5.79,6.325,0.40500000000000025,0.17634271514298483,-0.535,-0.033,-0.389,-0.039,-0.086,0.075,0.017,38,0.285
OADMET-0006553,OADMET-0002683,0.556,2.26,6.07,1.56,0.2908949040186162,-3.81,0.032,-0.982,-0.522,0.379,0.16,0.015,28,0.0
OADMET-0006551,OADMET-0003312,0.517,5.15,5.865,0.504999999999999,0.13831824290381967,-0.715,-0.533,-0.967,-0.656,0.222,-0.098,-0.001,29,0.014
OADMET-0006550,OADMET-0002541,0.507,6.785,6.195,0.2400000000000002,0.14457162482313102,0.59,-0.463,-0.578,-0.532,0.222,-0.152,-0.001,34,0.0
OADMET-0006549,OADMET-0002780,0.569,5.1850000000000005,5.925000000000001,0.5800000000000001,0.17355653359064327,-0.74,-0.292,-0.183,-0.144,-0.088,-0.05,-0.011,28,0.0
OADMET-0006543,OADMET-0005092,0.614,5.27,4.73,0.28500000000000014,0.3261439999999993,0.54,0.129,0.329,0.324,-0.137,-0.073,0.015,22,0.0
OADMET-0006541,OADMET-0003442,0.491,4.525,6.325,0.6500000000000004,0.17634271514298483,-1.8,-0.297,-0.652,-0.403,0.071,0.018,0.017,29,0.03
OADMET-0006537,OADMET-0002767,0.609,2.95,6.27,0.9100000000000001,0.18754660225128106,-3.32,0.349,-0.568,-0.127,0.41,0.051,0.015,25,0.0
OADMET-0006535,OADMET-0002767,0.513,5.28,6.27,0.3800000000000008,0.18754660225128106,-0.99,0.548,-0.369,0.243,0.246,0.043,0.015,37,0.0
OADMET-0006528,OADMET-0003474,0.5,3.55,5.89,1.245,0.1703667357203269,-2.34,-0.631,-1.0,-0.585,0.059,-0.089,-0.016,30,0.0
OADMET-0006526,OADMET-0002946,0.455,3.955,5.915,0.8299999999999996,0.1368687801947548,-1.96,-0.238,-0.551,-0.29,0.017,0.036,-0.001,36,0.0
OADMET-0006524,OADMET-0003357,0.424,6.13,6.255,0.1899999999999995,0.22758807353637778,-0.125,-0.241,-0.722,-0.393,0.199,-0.062,0.015,38,0.644
OADMET-0006521,OADMET-0001920,0.522,3.58,1.78,0.8199999999999994,2.16384,1.8,-0.98,-0.128,-0.666,-0.27,-0.028,-0.016,22,0.0
OADMET-0006519,OADMET-0003467,0.607,5.32,6.494999999999999,0.21500000000000075,0.1543655236638024,-1.175,0.283,-0.308,-0.062,0.227,0.1,0.017,22,0.155
OADMET-0006518,OADMET-0003436,0.522,5.785,5.859999999999999,0.47500000000000053,0.15136543357054855,-0.075,-0.129,-0.525,-0.488,0.406,-0.061,0.015,32,0.126
OADMET-0006516,OADMET-0003226,0.471,5.3149999999999995,5.77,0.29999999999999893,0.17041644901828068,-0.455,0.084,-0.016,0.0,-0.05,0.118,0.015,37,0.0
OADMET-0006513,OADMET-0003397,0.535,4.79,6.470000000000001,0.625,0.20782821898866466,-1.68,-0.917,-1.295,-0.689,-0.144,-0.102,0.017,33,0.046
OADMET-0006512,OADMET-0003258,0.5,3.35,6.105,0.895,0.2225121454303114,-2.755,-0.574,-0.673,-0.384,0.075,-0.264,-0.001,30,0.0
OADMET-0006510,OADMET-0002683,0.516,4.68,6.07,0.6500000000000004,0.2908949040186162,-1.39,-0.138,-1.152,-0.715,0.51,0.053,0.015,30,0.0
OADMET-0006509,OADMET-0003467,0.526,4.6,6.494999999999999,1.1049999999999995,0.1543655236638024,-1.895,-0.494,-1.085,-0.814,0.244,0.058,0.017,27,0.176
OADMET-0006508,OADMET-0003341,0.698,5.68,6.09,0.34499999999999975,0.1302373911900876,-0.41,0.36,-0.074,0.065,0.152,0.159,-0.016,16,0.148
OADMET-0006505,OADMET-0002601,0.485,3.3200000000000003,5.915,1.0100000000000002,0.1653480441734958,-2.595,-0.492,-1.495,-0.896,0.495,-0.109,0.017,34,0.008
OADMET-0006503,OADMET-0003412,0.429,5.6850000000000005,5.975,0.4449999999999994,0.14262875693211363,-0.29,-0.611,-0.447,-0.345,-0.027,-0.229,-0.011,40,0.221
OADMET-0006502,OADMET-0003503,0.654,5.555,6.140000000000001,0.41999999999999993,0.16548216276082428,-0.585,0.641,-0.063,0.173,0.296,0.183,-0.011,27,0.229
OADMET-0006500,OADMET-0003397,0.543,5.279999999999999,6.470000000000001,0.29000000000000004,0.20782821898866466,-1.19,-0.433,-0.812,-0.254,-0.144,-0.053,0.017,32,0.093
OADMET-0006498,OADMET-0003436,0.542,5.425000000000001,5.859999999999999,0.2599999999999998,0.15136543357054855,-0.435,-0.813,-1.209,-1.118,0.423,-0.133,0.015,27,0.0
OADMET-0006497,OADMET-0002760,0.538,3.25,6.32,1.15,0.1466458587482098,-3.07,0.117,-0.94,-0.701,0.806,0.022,-0.011,30,0.315
OADMET-0006496,OADMET-0002767,0.534,4.915,6.27,0.8200000000000003,0.18754660225128106,-1.355,0.389,-0.527,-0.038,0.302,0.11,0.015,34,0.485
OADMET-0006495,OADMET-0005035,0.359,5.28,4.54,0.3650000000000002,0.7134400000000003,0.74,-0.289,-0.153,-0.223,-0.074,0.024,-0.016,41,0.232
OADMET-0006493,OADMET-0002760,0.623,5.779999999999999,6.32,0.4250000000000007,0.1466458587482098,-0.54,0.472,-0.586,-0.278,0.687,0.073,-0.011,23,0.462
OADMET-0006492,OADMET-0003526,0.579,5.83,6.63,0.40499999999999936,0.17756961798686177,-0.8,0.37,-0.68,-0.107,0.484,0.003,-0.011,32,0.112
OADMET-0006491,OADMET-0002760,0.53,5.46,6.32,0.41500000000000004,0.1466458587482098,-0.86,0.705,-0.352,-0.035,0.649,0.101,-0.011,31,0.172
OADMET-0006489,OADMET-0002760,0.47,5.385,6.32,0.2599999999999998,0.1466458587482098,-0.935,0.493,-0.564,-0.134,0.573,0.065,-0.011,35,0.092
OADMET-0006488,OADMET-0002767,0.513,5.32,6.27,0.5,0.18754660225128106,-0.95,1.023,0.106,0.528,0.228,0.251,0.015,37,0.088
OADMET-0006487,OADMET-0002780,0.556,5.05,5.925000000000001,0.33500000000000085,0.17355653359064327,-0.875,-0.704,-0.596,-0.525,-0.078,-0.09,-0.011,28,0.23
OADMET-0006486,OADMET-0002780,0.552,4.119999999999999,5.925000000000001,1.15,0.17355653359064327,-1.805,-0.85,-0.741,-0.78,0.099,-0.158,-0.011,26,0.696
OADMET-0006485,OADMET-0002760,0.54,4.675,6.32,0.9899999999999993,0.1466458587482098,-1.645,0.618,-0.44,-0.205,0.757,0.077,-0.011,29,0.227
OADMET-0006483,OADMET-0003503,0.627,5.824999999999999,6.140000000000001,0.27500000000000036,0.16548216276082428,-0.315,1.021,0.317,0.612,0.187,0.232,-0.011,28,0.032
OADMET-0006481,OADMET-0002760,0.484,5.535,6.32,0.35499999999999954,0.1466458587482098,-0.785,0.592,-0.465,-0.24,0.808,0.034,-0.011,33,0.14
OADMET-0006479,OADMET-0003258,0.483,2.525,6.105,1.5849999999999997,0.2225121454303114,-3.58,-1.38,-1.478,-1.231,0.207,-0.355,-0.001,31,0.0
OADMET-0006478,OADMET-0002601,0.485,5.65,5.915,0.29499999999999993,0.1653480441734958,-0.265,1.474,0.471,0.782,0.361,0.314,0.017,34,0.0
OADMET-0006476,OADMET-0003437,0.483,3.885,5.955,1.04,0.2601318763704281,-2.07,-1.204,-1.595,-1.3,0.216,-0.11,-0.011,30,0.135
OADMET-0006475,OADMET-0002810,0.655,6.140000000000001,5.949999999999999,0.2550000000000008,0.3168698726985575,0.19,-0.104,-0.269,-0.169,0.073,0.002,-0.011,19,0.295
OADMET-0006474,OADMET-0004807,0.596,4.38,4.59,0.8949999999999996,0.7565600000000003,-0.21,-0.605,-0.371,-0.333,-0.106,-0.166,-0.001,23,0.0
OADMET-0006471,OADMET-0003240,0.455,5.43,6.215,0.21499999999999986,0.16522986001325624,-0.785,-0.186,-0.48,-0.169,0.121,-0.138,-0.001,42,0.138
OADMET-0006470,OADMET-0003526,0.631,6.1,6.63,0.33999999999999986,0.17756961798686177,-0.53,0.677,-0.372,-0.223,0.849,0.061,-0.011,24,0.0
OADMET-0006467,OADMET-0003474,0.59,5.625,5.89,0.2749999999999986,0.1703667357203269,-0.265,-0.488,-0.857,-0.63,0.179,-0.021,-0.016,25,0.092
OADMET-0006466,OADMET-0003526,0.667,4.88,6.63,0.6800000000000006,0.17756961798686177,-1.75,0.77,-0.28,-0.018,0.697,0.101,-0.011,22,0.28
OADMET-0006465,OADMET-0002760,0.424,4.51,6.32,0.8150000000000004,0.1466458587482098,-1.81,-0.26,-1.317,-0.263,0.406,-0.392,-0.011,38,0.058
OADMET-0006464,OADMET-0003442,0.453,4.405,6.325,0.4349999999999996,0.17634271514298483,-1.92,-0.513,-0.869,-0.546,0.077,-0.062,0.017,35,0.356
OADMET-0006459,OADMET-0003291,0.719,5.71,5.865,0.4299999999999997,0.3123541502845768,-0.155,0.8,0.29,0.51,-0.055,0.356,-0.011,16,0.0
OADMET-0006457,OADMET-0002541,0.515,5.59,6.195,0.21499999999999986,0.14457162482313102,-0.605,-0.154,-0.27,-0.105,0.056,-0.105,-0.001,33,0.055
OADMET-0006456,OADMET-0002541,0.493,5.98,6.195,0.40499999999999936,0.14457162482313102,-0.215,-0.181,-0.297,-0.311,0.286,-0.155,-0.001,36,0.072
OADMET-0006454,OADMET-0003499,0.507,5.055,6.215,0.3799999999999999,0.20909746294013232,-1.16,-0.045,-0.052,0.041,-0.003,-0.073,-0.011,35,0.065
OADMET-0006450,OADMET-0003415,0.492,3.86,5.89,0.8200000000000003,0.11670841354418293,-2.03,-0.676,-1.43,-1.057,0.216,0.15,0.015,30,0.322
OADMET-0006448,OADMET-0003343,0.53,4.965,5.965,0.47499999999999964,0.14547505023199037,-1.0,-0.375,-0.844,-0.634,0.363,-0.12,0.015,31,0.012
OADMET-0006447,OADMET-0003357,0.423,5.205,6.255,0.2400000000000002,0.22758807353637778,-1.05,0.171,-0.31,-0.095,0.24,0.011,0.015,41,0.06
OADMET-0006446,OADMET-0003415,0.537,4.3149999999999995,5.89,0.6849999999999996,0.11670841354418293,-1.575,-0.252,-1.006,-0.635,0.217,0.151,0.015,25,0.0
OADMET-0006438,OADMET-0002541,0.538,6.01,6.195,0.3600000000000003,0.14457162482313102,-0.185,-0.428,-0.543,-0.526,0.33,-0.231,-0.001,30,0.073
OADMET-0006437,OADMET-0002601,0.464,5.675000000000001,5.915,0.3099999999999987,0.1653480441734958,-0.24,1.196,0.193,0.439,0.337,0.403,0.017,37,0.058
OADMET-0006436,OADMET-0001986,0.482,4.785,3.85,0.5499999999999998,0.7526400000000004,0.935,0.222,0.961,0.66,-0.317,-0.11,-0.011,29,0.178
OADMET-0006434,OADMET-0002780,0.617,5.279999999999999,5.925000000000001,0.2999999999999998,0.17355653359064327,-0.645,-0.228,-0.119,-0.063,-0.151,-0.004,-0.011,23,0.0
OADMET-0006432,OADMET-0003437,0.509,3.755,5.955,0.915,0.2601318763704281,-2.2,-0.538,-0.929,-0.652,0.126,-0.002,-0.011,27,0.329
OADMET-0006428,OADMET-0002760,0.477,3.79,6.32,1.2900000000000005,0.1466458587482098,-2.53,0.223,-0.835,-0.619,0.837,0.016,-0.011,34,0.0
OADMET-0006426,OADMET-0003474,0.508,5.005,5.89,0.6250000000000009,0.1703667357203269,-0.885,-1.134,-1.503,-0.864,-0.179,-0.074,-0.016,31,0.0
OADMET-0006425,OADMET-0003341,0.574,4.9399999999999995,6.09,0.33999999999999986,0.1302373911900876,-1.15,-0.735,-1.169,-0.829,0.101,0.01,-0.016,26,0.115
OADMET-0006423,OADMET-0003226,0.524,4.994999999999999,5.77,0.3799999999999999,0.17041644901828068,-0.775,-0.467,-0.566,-0.325,0.043,-0.2,0.015,30,0.023
OADMET-0006422,OADMET-0002780,0.527,4.075,5.925000000000001,1.1049999999999995,0.17355653359064327,-1.85,-0.897,-0.788,-0.791,0.15,-0.245,-0.011,26,0.102
OADMET-0006421,OADMET-0002780,0.516,4.5600000000000005,5.925000000000001,0.8200000000000003,0.17355653359064327,-1.365,-0.547,-0.439,-0.359,-0.135,-0.044,-0.011,31,0.002
OADMET-0006419,OADMET-0001920,0.469,4.74,1.78,0.5,2.16384,2.96,0.056,0.908,0.336,-0.362,0.097,-0.016,26,0.08
OADMET-0006417,OADMET-0002780,0.533,4.64,5.925000000000001,0.40000000000000036,0.17355653359064327,-1.285,-0.912,-0.803,-0.662,-0.133,-0.106,-0.011,28,0.115
OADMET-0006411,OADMET-0003357,0.492,6.62,6.255,0.23500000000000032,0.22758807353637778,0.365,0.358,-0.123,0.145,0.174,0.024,0.015,33,0.184
OADMET-0006407,OADMET-0003415,0.571,3.855,5.89,0.9949999999999997,0.11670841354418293,-2.035,0.103,-0.651,-0.351,0.313,0.125,0.015,24,0.046
OADMET-0006406,OADMET-0002767,0.542,4.93,6.27,0.7800000000000011,0.18754660225128106,-1.34,-0.241,-1.157,-0.695,0.464,-0.024,0.015,33,0.0
OADMET-0006405,OADMET-0003343,0.554,4.33,5.965,0.7349999999999999,0.14547505023199037,-1.635,-0.109,-0.578,-0.339,0.285,-0.071,0.015,29,0.225
OADMET-0006398,OADMET-0003357,0.414,5.445,6.255,0.3199999999999994,0.22758807353637778,-0.81,0.671,0.19,0.44,0.136,0.08,0.015,41,0.122
OADMET-0006397,OADMET-0003226,0.508,5.575,5.77,0.3899999999999997,0.17041644901828068,-0.195,-0.695,-0.795,-0.715,0.091,-0.086,0.015,32,0.0
OADMET-0006394,OADMET-0003397,0.588,4.85,6.470000000000001,0.6500000000000004,0.20782821898866466,-1.62,-0.703,-1.081,-0.571,-0.039,-0.109,0.017,28,0.345
OADMET-0006392,OADMET-0003343,0.59,5.15,5.965,0.3800000000000008,0.14547505023199037,-0.815,0.382,-0.088,0.075,0.309,-0.017,0.015,25,0.0
OADMET-0006391,OADMET-0003503,0.662,5.72,6.140000000000001,0.2649999999999997,0.16548216276082428,-0.42,-0.019,-0.723,-0.586,0.515,0.063,-0.011,25,0.133
OADMET-0006390,OADMET-0002601,0.5,5.199999999999999,5.915,0.35000000000000053,0.1653480441734958,-0.715,1.24,0.237,0.548,0.412,0.263,0.017,32,0.0
OADMET-0006389,OADMET-0003258,0.433,5.15,6.105,0.6450000000000005,0.2225121454303114,-0.955,-0.566,-0.664,-0.299,0.042,-0.308,-0.001,34,0.211
OADMET-0006388,OADMET-0002767,0.556,5.205,6.27,0.5800000000000001,0.18754660225128106,-1.065,0.421,-0.496,-0.05,0.358,0.098,0.015,32,0.361
OADMET-0006384,OADMET-0003415,0.571,3.215,5.89,1.275,0.11670841354418293,-2.675,0.074,-0.68,-0.347,0.312,0.094,0.015,24,0.0
OADMET-0006383,OADMET-0003270,0.426,5.285,5.99,0.625,0.142706306517967,-0.705,-0.074,-0.534,-0.408,0.379,-0.035,-0.011,35,0.261
OADMET-0006382,OADMET-0003343,0.712,5.8149999999999995,5.965,0.20999999999999996,0.14547505023199037,-0.15,0.455,-0.014,0.105,0.266,0.07,0.015,17,0.007
OADMET-0006381,OADMET-0002541,0.5,2.91,6.195,1.3050000000000002,0.14457162482313102,-3.285,-1.667,-1.783,-1.543,0.177,-0.3,-0.001,34,0.068
OADMET-0006380,OADMET-0003415,0.533,4.845000000000001,5.89,0.4900000000000002,0.11670841354418293,-1.045,0.458,-0.295,0.133,0.125,0.186,0.015,28,0.144
OADMET-0006377,OADMET-0003503,0.646,6.01,6.140000000000001,0.28000000000000025,0.16548216276082428,-0.13,0.784,0.079,0.284,0.332,0.178,-0.011,28,0.118
OADMET-0006373,OADMET-0003526,0.611,3.8,6.63,1.5,0.17756961798686177,-2.83,0.399,-0.65,-0.064,0.434,0.04,-0.011,28,0.242
OADMET-0006370,OADMET-0002767,0.527,3.94,6.27,1.0200000000000005,0.18754660225128106,-2.33,-0.523,-1.44,-0.926,0.399,-0.01,0.015,35,0.124
OADMET-0006367,OADMET-0003258,0.464,4.8100000000000005,6.105,0.4450000000000003,0.2225121454303114,-1.295,-1.217,-1.316,-1.034,0.198,-0.381,-0.001,30,0.003
OADMET-0006365,OADMET-0002810,0.476,3.005,5.949999999999999,1.025,0.3168698726985575,-2.945,-1.34,-1.505,-1.333,0.128,-0.125,-0.011,33,0.049
OADMET-0006364,OADMET-0003341,0.569,5.165,6.09,0.27500000000000036,0.1302373911900876,-0.925,-0.217,-0.651,-0.576,0.338,0.037,-0.016,25,0.0
OADMET-0006362,OADMET-0003526,0.544,6.25,6.63,0.2999999999999998,0.17756961798686177,-0.38,0.189,-0.86,-0.254,0.422,0.032,-0.011,31,0.028
OADMET-0006361,OADMET-0002810,0.679,5.78,5.949999999999999,0.5700000000000003,0.3168698726985575,-0.17,-0.188,-0.353,-0.101,-0.14,0.063,-0.011,18,0.644
OADMET-0006359,OADMET-0003341,0.614,5.75,6.09,0.35000000000000053,0.1302373911900876,-0.34,0.289,-0.145,0.194,0.042,0.068,-0.016,22,0.0
OADMET-0006358,OADMET-0003291,0.583,5.654999999999999,5.865,0.3800000000000008,0.3123541502845768,-0.21,1.016,0.506,0.678,0.066,0.283,-0.011,25,0.0
OADMET-0006357,OADMET-0003436,0.514,5.449999999999999,5.859999999999999,0.25,0.15136543357054855,-0.41,0.257,-0.139,0.125,0.081,0.036,0.015,34,0.279
OADMET-0006356,OADMET-0003474,0.552,5.0649999999999995,5.89,0.35499999999999954,0.1703667357203269,-0.825,0.008,-0.361,-0.317,0.345,-0.004,-0.016,26,0.0
OADMET-0006355,OADMET-0003357,0.426,6.18,6.255,0.375,0.22758807353637778,-0.075,0.745,0.264,0.541,0.15,0.039,0.015,39,0.06
OADMET-0006354,OADMET-0003474,0.5,5.705,5.89,0.254999999999999,0.1703667357203269,-0.185,-0.16,-0.529,-0.226,0.141,-0.059,-0.016,29,0.0
OADMET-0006353,OADMET-0002946,0.406,3.29,5.915,0.9700000000000002,0.1368687801947548,-2.625,-0.51,-0.823,-0.567,0.137,-0.079,-0.001,41,0.047
OADMET-0006352,OADMET-0002601,0.486,6.68,5.915,0.2599999999999998,0.1653480441734958,0.765,0.943,-0.061,0.014,0.483,0.428,0.017,36,0.02
OADMET-0006349,OADMET-0002946,0.541,5.4,5.915,0.26500000000000057,0.1368687801947548,-0.515,-0.587,-0.899,-0.544,0.161,-0.203,-0.001,28,0.255
OADMET-0006348,OADMET-0003526,0.522,4.475,6.63,0.7749999999999995,0.17756961798686177,-2.155,0.481,-0.569,0.094,0.439,-0.042,-0.011,32,0.044
OADMET-0006346,OADMET-0003270,0.385,5.625,5.99,0.2400000000000002,0.142706306517967,-0.365,0.428,-0.033,0.252,0.149,0.038,-0.011,40,0.1
OADMET-0006345,OADMET-0003341,0.531,4.37,6.09,0.7050000000000001,0.1302373911900876,-1.72,-0.295,-0.729,-0.299,0.081,-0.061,-0.016,23,0.38
OADMET-0006343,OADMET-0003343,0.557,4.965,5.965,0.24499999999999922,0.14547505023199037,-1.0,-0.141,-0.61,-0.359,0.335,-0.133,0.015,27,0.0
OADMET-0006342,OADMET-0003442,0.484,5.15,6.325,0.3699999999999992,0.17634271514298483,-1.175,-0.072,-0.428,-0.183,-0.028,0.121,0.017,33,0.291
OADMET-0006339,OADMET-0002541,0.565,2.15,6.195,2.085,0.14457162482313102,-4.045,-0.609,-0.725,-0.54,0.057,-0.126,-0.001,30,0.182
OADMET-0006338,OADMET-0003258,0.517,4.5600000000000005,6.105,1.0100000000000002,0.2225121454303114,-1.545,-0.857,-0.955,-0.714,0.13,-0.271,-0.001,29,0.0
OADMET-0006337,OADMET-0003270,0.419,5.085,5.99,0.3349999999999991,0.142706306517967,-0.905,0.337,-0.123,0.22,0.144,-0.016,-0.011,36,0.091
OADMET-0006333,OADMET-0003258,0.508,3.625,6.105,1.1999999999999997,0.2225121454303114,-2.48,-1.221,-1.319,-1.193,0.142,-0.169,-0.001,31,0.025
OADMET-0006332,OADMET-0003415,0.552,4.3100000000000005,5.89,0.96,0.11670841354418293,-1.58,0.763,0.009,0.562,0.088,0.098,0.015,26,0.008
OADMET-0006330,OADMET-0003499,0.538,5.165,6.215,0.3700000000000001,0.20909746294013232,-1.05,-0.713,-0.72,-0.612,0.104,-0.194,-0.011,30,0.0
OADMET-0006329,OADMET-0003480,0.533,5.779999999999999,5.33,0.3700000000000001,0.1799280000000003,0.45,0.136,-0.124,0.136,0.05,-0.049,-0.001,28,0.118
OADMET-0006327,OADMET-0002683,0.75,5.285,6.07,0.2599999999999998,0.2908949040186162,-0.785,0.606,-0.408,-0.248,0.684,0.155,0.015,14,0.0
OADMET-0006325,OADMET-0003270,0.419,5.475,5.99,0.5099999999999998,0.142706306517967,-0.515,-0.398,-0.858,-0.71,0.356,-0.033,-0.011,36,0.153
OADMET-0006323,OADMET-0002683,0.712,5.484999999999999,6.07,0.3200000000000003,0.2908949040186162,-0.585,0.197,-0.817,-0.579,0.571,0.19,0.015,17,0.0
OADMET-0006322,OADMET-0003467,0.564,5.375,6.494999999999999,0.3349999999999991,0.1543655236638024,-1.12,-0.405,-0.995,-0.64,0.247,-0.029,0.017,24,0.0
OADMET-0006321,OADMET-0003436,0.5,4.47,5.859999999999999,0.9050000000000002,0.15136543357054855,-1.39,-0.564,-0.959,-0.639,0.1,-0.039,0.015,33,0.129
OADMET-0006320,OADMET-0003397,0.493,4.6899999999999995,6.470000000000001,0.7599999999999998,0.20782821898866466,-1.78,-1.09,-1.468,-0.948,-0.039,-0.121,0.017,37,0.013
OADMET-0006319,OADMET-0002683,0.656,5.705,6.07,0.33999999999999986,0.2908949040186162,-0.365,0.625,-0.389,0.104,0.321,0.186,0.015,21,0.0
OADMET-0006317,OADMET-0003415,0.516,2.29,5.89,2.005,0.11670841354418293,-3.6,0.333,-0.42,-0.098,0.147,0.27,0.015,30,0.118
OADMET-0006316,OADMET-0003467,0.517,5.04,6.494999999999999,0.3899999999999997,0.1543655236638024,-1.455,-0.424,-1.015,-0.786,0.34,0.005,0.017,28,0.063
OADMET-0006315,OADMET-0003258,0.469,3.255,6.105,0.9149999999999996,0.2225121454303114,-2.85,-1.074,-1.172,-0.982,0.176,-0.266,-0.001,34,0.071
OADMET-0006314,OADMET-0003226,0.508,5.050000000000001,5.77,0.34500000000000064,0.17041644901828068,-0.72,0.072,-0.027,0.089,0.025,-0.058,0.015,32,0.182
OADMET-0006312,OADMET-0003312,0.649,6.654999999999999,5.865,0.2649999999999988,0.13831824290381967,0.79,0.498,0.064,0.095,0.369,0.034,-0.001,20,0.2
OADMET-0006310,OADMET-0002946,0.61,4.905,5.915,0.1999999999999993,0.1368687801947548,-1.01,-0.212,-0.524,-0.2,0.075,-0.086,-0.001,23,0.0
OADMET-0006309,OADMET-0002807,0.517,4.52,5.775,0.6699999999999999,0.13289970744888713,-1.255,-0.147,-0.177,-0.354,0.064,0.126,0.017,28,0.121
OADMET-0006307,OADMET-0002601,0.508,3.21,5.915,0.9550000000000001,0.1653480441734958,-2.705,-0.591,-1.594,-1.127,0.575,-0.056,0.017,32,0.052
OADMET-0006300,OADMET-0003442,0.46,4.91,6.325,0.4950000000000001,0.17634271514298483,-1.415,-0.082,-0.437,-0.13,-0.001,0.032,0.017,34,0.069
OADMET-0006297,OADMET-0003270,0.4,5.125,5.99,0.34999999999999964,0.142706306517967,-0.865,0.097,-0.363,-0.23,0.329,0.009,-0.011,39,0.203
OADMET-0006295,OADMET-0003226,0.509,4.475,5.77,0.8200000000000003,0.17041644901828068,-1.295,-1.153,-1.252,-0.942,0.05,-0.276,0.015,28,0.274
OADMET-0006293,OADMET-0002780,0.542,4.5649999999999995,5.925000000000001,0.9500000000000002,0.17355653359064327,-1.36,-0.924,-0.815,-0.825,0.086,-0.175,-0.011,27,0.282
OADMET-0006291,OADMET-0002683,0.417,3.67,6.07,0.9199999999999999,0.2908949040186162,-2.4,0.215,-0.8,-0.315,0.414,0.101,0.015,42,0.0
OADMET-0006289,OADMET-0002946,0.448,5.470000000000001,5.915,0.33000000000000007,0.1368687801947548,-0.445,-0.17,-0.483,-0.332,0.159,0.004,-0.001,37,0.068
OADMET-0006286,OADMET-0003436,0.508,5.405,5.859999999999999,0.26500000000000057,0.15136543357054855,-0.455,-0.351,-0.747,-0.68,0.286,0.027,0.015,32,0.059
OADMET-0006282,OADMET-0002810,0.579,4.4350000000000005,5.949999999999999,1.0300000000000002,0.3168698726985575,-1.515,-0.647,-0.812,-0.848,0.29,-0.079,-0.011,24,0.117
OADMET-0006281,OADMET-0003436,0.5,5.225,5.859999999999999,0.5299999999999994,0.15136543357054855,-0.635,-0.357,-0.753,-0.668,0.341,-0.045,0.015,32,0.142
OADMET-0006279,OADMET-0003499,0.528,2.965,6.215,1.025,0.20909746294013232,-3.25,-1.203,-1.209,-1.07,0.175,-0.298,-0.011,34,0.102
OADMET-0006278,OADMET-0003312,0.492,5.26,5.865,0.3049999999999997,0.13831824290381967,-0.605,0.094,-0.339,0.052,0.061,-0.018,-0.001,32,0.026
OADMET-0006276,OADMET-0003442,0.469,3.9450000000000003,6.325,1.1350000000000007,0.17634271514298483,-2.38,-0.723,-1.079,-0.842,0.125,-0.023,0.017,34,0.5
OADMET-0006269,OADMET-0004452,0.526,4.295,4.89,0.8700000000000001,0.4860799999999994,-0.595,0.435,0.382,0.363,0.009,0.045,0.017,27,0.303
OADMET-0006267,OADMET-0003503,0.68,5.91,6.140000000000001,0.2599999999999998,0.16548216276082428,-0.23,0.609,-0.096,0.092,0.347,0.18,-0.011,24,0.42
OADMET-0006265,OADMET-0003397,0.6,5.39,6.470000000000001,0.26500000000000057,0.20782821898866466,-1.08,-0.059,-0.437,-0.107,-0.006,0.036,0.017,28,0.014
OADMET-0006263,OADMET-0003397,0.529,4.545,6.470000000000001,0.8799999999999999,0.20782821898866466,-1.925,-0.853,-1.231,-0.816,0.11,-0.165,0.017,32,0.33
OADMET-0006258,OADMET-0002810,0.586,5.895,5.949999999999999,0.29499999999999993,0.3168698726985575,-0.055,0.053,-0.112,0.066,-0.024,0.021,-0.011,24,0.173
OADMET-0006254,OADMET-0002810,0.614,2.06,5.949999999999999,1.855,0.3168698726985575,-3.89,-0.184,-0.349,-0.329,0.12,0.035,-0.011,22,0.268
OADMET-0006250,OADMET-0004452,0.544,2.065,4.89,2.135,0.4860799999999994,-2.825,-1.264,-1.317,-1.055,-0.082,-0.145,0.017,26,0.085
OADMET-0006248,OADMET-0003312,0.54,5.405,5.865,0.41499999999999915,0.13831824290381967,-0.46,0.196,-0.238,-0.064,0.259,0.001,-0.001,29,0.0
OADMET-0006247,OADMET-0003503,0.654,5.635,6.140000000000001,0.28500000000000014,0.16548216276082428,-0.505,0.241,-0.464,-0.258,0.387,0.123,-0.011,27,0.109
OADMET-0006243,OADMET-0002810,0.576,5.885,5.949999999999999,0.2400000000000002,0.3168698726985575,-0.065,0.157,-0.008,0.111,-0.011,0.067,-0.011,25,0.285
OADMET-0006242,OADMET-0003436,0.547,5.18,5.859999999999999,0.25,0.15136543357054855,-0.68,-0.339,-0.735,-0.414,0.134,-0.074,0.015,29,0.0
OADMET-0006241,OADMET-0003474,0.525,5.859999999999999,5.89,0.28999999999999915,0.1703667357203269,-0.03,0.257,-0.112,0.216,-0.038,0.095,-0.016,28,0.0
OADMET-0006240,OADMET-0003499,0.514,2.76,6.215,1.17,0.20909746294013232,-3.455,-1.135,-1.142,-1.163,0.283,-0.244,-0.011,35,0.086
OADMET-0006239,OADMET-0002683,0.698,6.09,6.07,0.4549999999999992,0.2908949040186162,0.02,0.693,-0.321,0.096,0.27,0.312,0.015,19,0.069
OADMET-0006238,OADMET-0003343,0.561,3.66,5.965,0.6499999999999999,0.14547505023199037,-2.305,-1.139,-1.608,-1.345,0.403,-0.212,0.015,25,0.076
OADMET-0006236,OADMET-0003474,0.516,4.815,5.89,0.5050000000000008,0.1703667357203269,-1.075,0.032,-0.337,-0.249,0.282,0.015,-0.016,30,0.313
OADMET-0006235,OADMET-0002760,0.523,5.0600000000000005,6.32,0.4850000000000003,0.1466458587482098,-1.26,0.371,-0.686,-0.341,0.615,0.108,-0.011,31,0.306
OADMET-0006231,OADMET-0002760,0.471,5.07,6.32,0.47999999999999865,0.1466458587482098,-1.25,0.264,-0.794,-0.308,0.538,0.044,-0.011,36,0.589
OADMET-0006229,OADMET-0003312,0.527,4.98,5.865,0.45500000000000007,0.13831824290381967,-0.885,0.196,-0.238,-0.01,0.287,-0.081,-0.001,26,0.0
OADMET-0006220,OADMET-0003437,0.475,5.045,5.955,0.7449999999999992,0.2601318763704281,-0.91,-0.189,-0.581,-0.3,0.059,0.062,-0.011,31,0.045
OADMET-0006217,OADMET-0002601,0.47,4.24,5.915,0.7199999999999998,0.1653480441734958,-1.675,-0.191,-1.195,-0.705,0.478,0.018,0.017,35,0.048
OADMET-0006216,OADMET-0001920,0.434,5.734999999999999,1.78,0.23499999999999943,2.16384,3.955,-0.287,0.566,0.024,-0.436,0.142,-0.016,30,0.101
OADMET-0006215,OADMET-0003442,0.517,4.605,6.325,0.6150000000000002,0.17634271514298483,-1.72,-0.428,-0.783,-0.581,0.132,0.003,0.017,28,0.334
OADMET-0006214,OADMET-0003467,0.55,3.45,6.494999999999999,1.2349999999999994,0.1543655236638024,-3.045,-0.497,-1.087,-0.663,0.134,0.015,0.017,27,0.17
OADMET-0006212,OADMET-0003386,0.431,5.359999999999999,3.35,0.3200000000000003,1.22696,2.01,1.036,1.436,0.906,-0.106,0.247,-0.011,37,0.111
OADMET-0006211,OADMET-0003415,0.561,3.15,5.89,1.4250000000000003,0.11670841354418293,-2.74,0.017,-0.737,-0.508,0.357,0.152,0.015,25,0.0
OADMET-0006207,OADMET-0003226,0.594,5.27,5.77,0.23500000000000032,0.17041644901828068,-0.5,-0.188,-0.288,-0.183,-0.094,0.073,0.015,26,0.317
OADMET-0006205,OADMET-0003474,0.617,5.55,5.89,0.2649999999999997,0.1703667357203269,-0.34,0.127,-0.243,-0.042,0.111,0.074,-0.016,23,0.329
OADMET-0006199,OADMET-0003357,0.448,5.630000000000001,6.255,0.22499999999999964,0.22758807353637778,-0.625,0.735,0.254,0.487,0.15,0.083,0.015,37,0.056
OADMET-0006198,OADMET-0002767,0.549,5.154999999999999,6.27,0.3699999999999992,0.18754660225128106,-1.115,0.053,-0.864,-0.171,0.144,0.064,0.015,32,0.108
OADMET-0006197,OADMET-0003312,0.561,4.545,5.865,0.6849999999999996,0.13831824290381967,-1.32,0.283,-0.151,-0.053,0.447,-0.11,-0.001,25,0.016
OADMET-0006195,OADMET-0002767,0.541,6.05,6.27,0.4350000000000005,0.18754660225128106,-0.22,0.743,-0.174,0.292,0.187,0.248,0.015,34,0.055
OADMET-0006194,OADMET-0003291,0.627,5.365,5.865,0.5350000000000001,0.3123541502845768,-0.5,0.664,0.154,0.333,0.009,0.333,-0.011,22,0.0
OADMET-0006193,OADMET-0002601,0.53,4.095,5.915,1.0099999999999998,0.1653480441734958,-1.82,-0.803,-1.806,-1.204,0.475,-0.091,0.017,31,0.0
OADMET-0006190,OADMET-0003343,0.581,3.3049999999999997,5.965,1.1849999999999996,0.14547505023199037,-2.66,-0.401,-0.87,-0.68,0.401,-0.138,0.015,26,0.141
OADMET-0006189,OADMET-0002767,0.5,5.395,6.27,0.25,0.18754660225128106,-0.875,0.554,-0.363,0.133,0.228,0.178,0.015,38,0.0
OADMET-0006188,OADMET-0002683,0.457,4.605,6.07,0.7899999999999991,0.2908949040186162,-1.465,0.261,-0.753,-0.25,0.24,0.256,0.015,38,0.251
OADMET-0006187,OADMET-0003312,0.557,5.335,5.865,0.47499999999999964,0.13831824290381967,-0.53,0.199,-0.235,0.273,-0.071,-0.003,-0.001,27,0.016
OADMET-0006184,OADMET-0003368,0.5,5.449999999999999,6.27,0.3100000000000005,0.12260830092615915,-0.82,0.697,0.025,0.26,0.221,0.199,0.017,24,0.105
OADMET-0006181,OADMET-0003341,0.483,5.005,6.09,0.48499999999999943,0.1302373911900876,-1.085,-0.139,-0.573,-0.106,-0.05,0.034,-0.016,30,0.067
OADMET-0006179,OADMET-0003258,0.464,4.48,6.105,1.0050000000000003,0.2225121454303114,-1.625,-1.246,-1.344,-1.106,0.205,-0.344,-0.001,30,0.015
OADMET-0006178,OADMET-0003226,0.5,5.035,5.77,0.25,0.17041644901828068,-0.735,-0.903,-1.003,-0.757,0.072,-0.233,0.015,31,0.0
OADMET-0006177,OADMET-0002541,0.5,2.29,6.195,2.15,0.14457162482313102,-3.905,-0.899,-1.015,-0.911,0.292,-0.279,-0.001,33,0.385
OADMET-0006175,OADMET-0002601,0.493,2.9349999999999996,5.915,0.8650000000000002,0.1653480441734958,-2.98,-0.695,-1.699,-1.196,0.44,0.043,0.017,35,0.032
OADMET-0006174,OADMET-0003474,0.5,5.140000000000001,5.89,0.3150000000000004,0.1703667357203269,-0.75,0.071,-0.298,-0.251,0.284,0.054,-0.016,32,0.033
OADMET-0006173,OADMET-0002541,0.53,5.645,6.195,0.20999999999999996,0.14457162482313102,-0.55,-0.23,-0.346,-0.44,0.424,-0.213,-0.001,31,0.13
OADMET-0006172,OADMET-0003442,0.544,4.76,6.325,0.4499999999999993,0.17634271514298483,-1.565,-0.237,-0.593,-0.428,0.172,0.001,0.017,26,0.103
OADMET-0006171,OADMET-0002946,0.541,4.720000000000001,5.915,0.5649999999999995,0.1368687801947548,-1.195,-1.073,-1.385,-0.866,0.151,-0.357,-0.001,28,0.0
OADMET-0006169,OADMET-0003312,0.579,5.355,5.865,0.29499999999999993,0.13831824290381967,-0.51,0.188,-0.246,0.089,0.12,-0.02,-0.001,24,0.0
OADMET-0006168,OADMET-0003437,0.483,5.29,5.955,0.5099999999999998,0.2601318763704281,-0.665,-0.521,-0.912,-0.695,0.198,-0.014,-0.011,31,0.007
OADMET-0006167,OADMET-0002810,0.769,5.75,5.949999999999999,0.39999999999999947,0.3168698726985575,-0.2,-0.127,-0.292,-0.161,-0.007,0.051,-0.011,12,0.0
OADMET-0006166,OADMET-0002946,0.6,4.885,5.915,0.5250000000000004,0.1368687801947548,-1.03,-0.327,-0.639,-0.308,0.008,-0.026,-0.001,24,0.013
OADMET-0006165,OADMET-0003436,0.567,5.6,5.859999999999999,0.3250000000000002,0.15136543357054855,-0.26,-0.032,-0.428,-0.026,-0.072,0.051,0.015,29,0.098
OADMET-0006164,OADMET-0005410,0.597,5.23,5.15,0.22499999999999964,0.3045839999999993,0.08,0.337,0.302,0.09,0.28,-0.022,-0.011,27,0.0
OADMET-0006163,OADMET-0003312,0.517,6.675000000000001,5.865,0.23500000000000032,0.13831824290381967,0.81,0.28,-0.154,0.143,0.134,0.004,-0.001,29,0.0
OADMET-0006162,OADMET-0003415,0.484,4.495,5.89,0.7300000000000004,0.11670841354418293,-1.395,0.038,-0.716,-0.048,-0.097,0.167,0.015,33,0.0
OADMET-0006157,OADMET-0003368,0.511,5.59,6.27,0.16500000000000004,0.12260830092615915,-0.68,0.673,0.001,0.24,0.174,0.242,0.017,23,0.07
OADMET-0006156,OADMET-0003240,0.507,3.485,6.215,1.13,0.16522986001325624,-2.73,-0.605,-0.898,-0.519,0.132,-0.217,-0.001,37,0.023
OADMET-0006153,OADMET-0003343,0.54,4.9,5.965,0.5600000000000005,0.14547505023199037,-1.065,-0.032,-0.501,-0.199,0.206,-0.054,0.015,29,0.035
OADMET-0006152,OADMET-0003503,0.662,5.95,6.140000000000001,0.33499999999999996,0.16548216276082428,-0.19,0.583,-0.121,0.027,0.398,0.169,-0.011,25,0.0
OADMET-0006147,OADMET-0003397,0.528,4.6,6.470000000000001,0.7649999999999997,0.20782821898866466,-1.87,-0.933,-1.311,-0.787,-0.055,-0.108,0.017,34,0.569
OADMET-0006145,OADMET-0005092,0.607,5.735,4.73,0.4349999999999996,0.3261439999999993,1.005,0.1,0.3,0.367,-0.119,-0.163,0.015,22,0.0
OADMET-0006144,OADMET-0003357,0.431,4.890000000000001,6.255,0.5,0.22758807353637778,-1.365,0.275,-0.206,0.112,0.134,0.014,0.015,37,0.322
OADMET-0006142,OADMET-0003368,0.426,5.24,6.27,0.47500000000000053,0.12260830092615915,-1.03,0.651,-0.021,0.304,0.017,0.313,0.017,31,0.514
OADMET-0006138,OADMET-0005784,0.469,5.585,4.84,0.28999999999999915,0.5095999999999998,0.745,0.492,0.65,0.634,-0.256,0.099,0.015,34,0.055
OADMET-0006137,OADMET-0003240,0.438,5.675,6.215,0.3849999999999998,0.16522986001325624,-0.54,0.002,-0.292,0.012,0.065,-0.074,-0.001,45,0.076
OADMET-0006136,OADMET-0003415,0.509,4.65,5.89,0.6749999999999998,0.11670841354418293,-1.24,0.447,-0.307,0.006,0.022,0.403,0.015,28,0.041
OADMET-0006133,OADMET-0003240,0.473,4.895,6.215,0.79,0.16522986001325624,-1.32,-0.686,-0.979,-0.567,0.115,-0.233,-0.001,39,0.235
OADMET-0006130,OADMET-0003442,0.54,6.125,6.325,0.21499999999999986,0.17634271514298483,-0.2,0.217,-0.139,0.232,-0.15,0.117,0.017,29,0.0
OADMET-0006127,OADMET-0003467,0.483,3.835,6.494999999999999,0.9999999999999996,0.1543655236638024,-2.66,-0.564,-1.155,-0.949,0.401,-0.033,0.017,31,0.076
OADMET-0006126,OADMET-0003467,0.583,5.96,6.494999999999999,0.21499999999999986,0.1543655236638024,-0.535,0.637,0.046,0.38,0.091,0.148,0.017,25,0.0
OADMET-0006124,OADMET-0002541,0.521,5.99,6.195,0.47999999999999954,0.14457162482313102,-0.205,-0.16,-0.275,0.004,-0.068,-0.094,-0.001,35,0.1
OADMET-0006122,OADMET-0004452,0.611,5.390000000000001,4.89,0.40000000000000036,0.4860799999999994,0.5,0.227,0.175,0.195,-0.049,0.064,0.017,21,0.013
OADMET-0006118,OADMET-0003526,0.687,5.075,6.63,0.8650000000000002,0.17756961798686177,-1.555,0.521,-0.528,-0.256,0.727,0.061,-0.011,21,0.074
OADMET-0006114,OADMET-0003343,0.562,4.76,5.965,0.665,0.14547505023199037,-1.205,-0.08,-0.549,-0.287,0.257,-0.065,0.015,28,0.063
OADMET-0006112,OADMET-0003357,0.414,5.58,6.255,0.2649999999999997,0.22758807353637778,-0.675,0.114,-0.367,0.014,0.09,-0.005,0.015,41,0.069
OADMET-0006110,OADMET-0003343,0.561,3.33,5.965,1.1749999999999998,0.14547505023199037,-2.635,-0.228,-0.697,-0.475,0.271,-0.04,0.015,29,0.621
OADMET-0006109,OADMET-0003226,0.552,4.630000000000001,5.77,0.915,0.17041644901828068,-1.14,-1.246,-1.345,-1.175,0.19,-0.276,0.015,26,0.0
OADMET-0006107,OADMET-0003226,0.516,2.965,5.77,1.29,0.17041644901828068,-2.805,-0.57,-0.67,-0.574,0.18,-0.191,0.015,30,0.033
OADMET-0006106,OADMET-0002683,0.452,5.2,6.07,0.3099999999999996,0.2908949040186162,-0.87,0.946,-0.068,0.534,0.182,0.216,0.015,40,0.092
OADMET-0006104,OADMET-0003436,0.551,4.885,5.859999999999999,0.6150000000000002,0.15136543357054855,-0.975,-0.457,-0.852,-0.552,0.134,-0.054,0.015,31,0.158
OADMET-0006101,OADMET-0003526,0.677,6.4399999999999995,6.63,0.2549999999999999,0.17756961798686177,-0.19,0.276,-0.773,-0.503,0.809,-0.019,-0.011,20,0.036
OADMET-0006099,OADMET-0005924,0.587,3.975,4.48,0.9699999999999998,0.8506400000000003,-0.505,-0.556,-0.177,-0.25,-0.195,-0.1,-0.011,26,0.063
OADMET-0006098,OADMET-0003397,0.534,5.0,6.470000000000001,0.504999999999999,0.20782821898866466,-1.47,-0.943,-1.321,-0.872,0.012,-0.101,0.017,34,0.02
OADMET-0006097,OADMET-0003526,0.652,6.164999999999999,6.63,0.27999999999999936,0.17756961798686177,-0.465,0.735,-0.315,0.108,0.537,0.1,-0.011,24,0.16
OADMET-0006095,OADMET-0003240,0.462,4.16,6.215,1.1399999999999997,0.16522986001325624,-2.055,-0.725,-1.019,-0.601,0.023,-0.146,-0.001,42,0.0
OADMET-0006093,OADMET-0003526,0.672,6.75,6.63,0.33000000000000007,0.17756961798686177,0.12,0.562,-0.488,-0.2,0.717,0.055,-0.011,21,0.001
OADMET-0006090,OADMET-0003499,0.603,5.32,6.215,0.3699999999999992,0.20909746294013232,-0.895,-0.38,-0.387,-0.215,-0.095,-0.06,-0.011,27,0.189
