dataset,endpoint,log10,n_train,n_test,test_sd,nn_tanimoto_median,share_nn_ge_0.6,1nn_rho,1nn_rho_sim_ge_0.6,rho ECFP4 bit,r2 ECFP4 bit,mae ECFP4 bit,rho ECFP4 count,r2 ECFP4 count,mae ECFP4 count,rho RDKit desc,r2 RDKit desc,mae RDKit desc,rho bit + desc,r2 bit + desc,mae bit + desc,pair slope ECFP4 bit,pair r ECFP4 bit,pair slope RDKit desc,pair r RDKit desc
PXR,pEC50,false,4139,513,0.9952747855069355,0.5230769230769231,0.17738791423001948,0.04718810693449235,0.3256898080943479,0.6124102454284797,0.3113137723495124,0.5916917545872916,0.6966961718674662,0.3945983888121204,0.5465594531564671,0.6773288975781878,0.39791686052375674,0.5661607297168404,0.718336630127328,0.4427137915458256,0.5302644914464969,0.19861262778566766,0.39142765497742527,0.292258894426815,0.5025688873977487
ASAP,pIC50 (MERS-CoV Mpro),false,829,257,0.9761989029592912,0.7916666666666666,0.980544747081712,0.6126334576097686,0.6139900417639753,0.7164020064427639,0.4300481073747524,0.5538171854657854,0.7355189551537015,0.47428717661389086,0.5222126465283177,0.7049258850065404,0.4359656171591707,0.5403535625549455,0.7113122993056931,0.4676294433871506,0.5219391700952929,0.014298678248708875,0.02939311878357678,-0.02384042665137851,-0.036063314941302375
ASAP,pIC50 (SARS-CoV-2 Mpro),false,776,230,1.2943513824132995,0.7922077922077922,0.9826086956521739,0.7468783494371002,0.7481310166455956,0.8367299535985789,0.648651347802246,0.5831615825032649,0.8511509401381163,0.6972446161190022,0.5454104513666408,0.8408637038306033,0.6589899868469856,0.5760209209517086,0.8503120816070004,0.6995425627926704,0.540107067737934,-0.04486270574703769,-0.0960522608459321,0.0771309779382923,0.13957010194967537
ASAP,LogD,false,295,122,0.8893828317960859,0.6483516483516484,0.6229508196721312,0.2519055146998859,0.4648460689740709,0.36443941809195257,0.1373720649245619,0.6448692439916544,0.567539063632589,0.3235758041199298,0.5625616890958386,0.7641903270936712,0.5812917288386703,0.4627527216749714,0.8034459828591421,0.6352398547649201,0.42058321615782146,-0.38284843726757134,-0.5884136287765924,0.4478875781353627,0.7679897366047856
ASAP,KSOL,true,310,108,0.31696988015990085,0.6603571428571429,0.8055555555555556,0.237220512052483,0.17170403777927323,0.06069124586082483,-0.058061137371941074,0.17606864527093874,0.07344694763123087,0.10591277776567953,0.1654276670972126,0.4434500326373467,0.15565759446205296,0.1622670399360356,0.3611275259741821,0.13196963610306223,0.1486931092663971,-0.05344380969540449,-0.162787060731825,0.0524507108210541,0.1259027073315917
ASAP,HLM,true,245,104,0.6057660559171735,0.6823529411764706,0.6923076923076923,0.36989189022707575,0.5089981559663537,0.45983226710564146,0.17894149356515088,0.439693058663241,0.6498383587030286,0.312975960399965,0.3998309830485606,0.6374203804757446,0.4068693139759111,0.3784695749895223,0.6580014296934453,0.42024378019372177,0.36893353716619043,-0.1719927675624075,-0.3236150690303169,0.16792547230857768,0.3184800356652395
ASAP,MLM,true,247,120,0.6961693873290881,0.6483516483516484,0.6333333333333333,0.5868806243354548,0.6989864151995393,0.5804923563780587,0.3398346011494513,0.4386337577250291,0.6252830259631285,0.3956519814932109,0.42162060083714714,0.4858779918228681,0.21061304735086406,0.4580751275937035,0.49538237158136633,0.22939979637818864,0.45462347544439474,0.14977310729812862,0.2250995166365005,0.14932988263292649,0.26687405027303035
ASAP,MDR1-MDCKII,true,367,122,0.729222088565512,0.6785714285714286,0.8278688524590164,0.6674881184130032,0.7149169578350704,0.7348649459214426,0.6530056755964679,0.3452880315434898,0.7722749210882475,0.6980657696022172,0.3125858798329834,0.7883553473327912,0.7843321714336439,0.2767337185530619,0.7932989878484152,0.757957535854476,0.30330809049736324,0.20612518043000994,0.3087863458183193,0.327182572342413,0.43513253082387016
ExpansionRx,LogD,false,5039,2270,1.038783827896443,0.6266666666666667,0.5563876651982379,0.4276144786613958,0.4918597011195704,0.7386122854005267,0.5209674840730378,0.5254932462988365,0.7590280596197434,0.5704920820330156,0.4999327555520277,0.7019865611344975,0.4961310718204537,0.5445458269040795,0.7726118170651055,0.5970693961539956,0.49413003753274404,0.4330185522752768,0.6943378067420075,0.5521416338865697,0.673739345901198
ExpansionRx,KSOL,true,5128,2170,0.8506108116915542,0.6349206349206349,0.5774193548387097,0.25687235942361897,0.3658052397975115,0.46337034754481154,0.41004929191387596,0.4585465227242737,0.5031605605783052,0.4239925459291738,0.4889047589938378,0.49720962043618205,0.3002334341423585,0.5526028143197725,0.4878106308503878,0.34813665194882304,0.5249081584756438,0.2113560780215638,0.40254389732119883,0.2799529677749459,0.4027232934958045
ExpansionRx,HLM CLint,true,3595,767,0.4605268712643072,0.6615384615384615,0.6375488917861799,0.46958767494674186,0.5594366590544289,0.48043835839787014,-0.21537128152147944,0.3938861973523818,0.5376767900080722,0.050418750850937166,0.3437599649475522,0.5271560370847225,0.19651074371995247,0.3219040536323921,0.5893019044096135,0.2598762900043796,0.30448651725964776,0.08009145468798005,0.15156887925483434,0.26763693661054083,0.4131071463188189
ExpansionRx,MLM CLint,true,4375,1161,0.5184513962140781,0.640625,0.5727820844099913,0.3261000925309943,0.4314614068027741,0.4251778643062756,0.015211728856338591,0.40823048910095927,0.4269155163468513,0.08668750784877344,0.3996045765868314,0.4696335444894398,0.1626851345661925,0.3746928776625658,0.5028578780920994,0.21728483217151318,0.36762447413616417,0.2022155857886196,0.31347452445566876,0.23217229990302904,0.39839153618974826
ExpansionRx,Caco-2 Permeability Papp A>B,true,2156,1615,0.6762417322646053,0.5862068965517241,0.4761609907120743,0.3263109309978658,0.4336556287584832,0.41510590431734473,-0.19226051702967384,0.5444186832838612,0.5382054690433198,0.13128052870987306,0.4759311686484486,0.5699091816673498,0.28505154729470317,0.449046588933721,0.6198763053097289,0.33887703836397565,0.42979451317594053,0.13056842548483016,0.3273066618802185,0.33410873155795195,0.5894350490547497
ExpansionRx,Caco-2 Permeability Efflux,true,2161,1616,0.6462409673121218,0.5862068965517241,0.47586633663366334,0.3398413065746334,0.47282626516621784,0.5077835077617103,-0.17419041041951222,0.5352840589524682,0.5848697814455363,0.011315429887286066,0.4936639231035515,0.5958148228075052,0.08415000250140736,0.4673540274686259,0.6452617512660799,0.156229802076988,0.45150187413727877,0.14927989526166277,0.40757084746394107,0.2702718096033668,0.6048820709763836
ExpansionRx,MPPB,true,1292,454,0.46276893408121184,0.6376811594202898,0.5837004405286343,0.3272043721027608,0.3609710749667696,0.6795458074282585,0.4684867744446125,0.2622461624635675,0.6295551721467543,0.27241010586771985,0.3321261624448019,0.5664461645060411,0.1439560725982072,0.3507855454479888,0.6017921152462827,0.22800917963907819,0.3241648797493448,0.4005030083558826,0.54760578458794,0.4553494051886656,0.5413714632124405
ExpansionRx,MBPB,true,973,449,0.6062787187567169,0.64,0.5857461024498887,0.5595262051202894,0.6237665732039492,0.7153992011851582,0.5309133191399904,0.3070040400490085,0.7388839605880342,0.5891680384777819,0.3040985209993603,0.7886240862687901,0.5828062356604627,0.32210375669951263,0.7953485178088512,0.6108112072980739,0.3070998021211608,0.36454359033566597,0.4272331275287126,0.5839743853562999,0.6220015864498025
